data;cod_rca;cod_telenvenda;valor_marcas_exclusivas;origempedido
2026-01-01;1869;8888;636,02;E-COMMERCE
2026-01-01;1064;8888;36,94;E-COMMERCE
2026-01-01;2199;8888;4630,79;FORÇA DE VENDAS
2026-01-01;2124;8888;196,19;E-COMMERCE
2026-01-01;1063;38;304,28;TELEMARKETING
2026-01-01;2366;8888;402,93;E-COMMERCE
2026-01-01;2309;2220;2404,64;TELEMARKETING
2026-01-01;1137;874;366,08;TELEMARKETING
2026-01-01;2496;8888;161,25;FORÇA DE VENDAS
2026-01-01;2363;8888;348,3;E-COMMERCE
2026-01-01;1344;8888;11470,87;FORÇA DE VENDAS
2026-01-01;351;8888;18295,18;FORÇA DE VENDAS
2026-01-01;1340;8888;7373,49;FORÇA DE VENDAS
2026-01-01;2419;8888;4754,88;FORÇA DE VENDAS
2026-01-01;2419;8888;35,5;E-COMMERCE
2026-01-01;2345;1929;40,88;TELEMARKETING
2026-01-01;2613;8888;25396,41;FORÇA DE VENDAS
2026-01-01;2491;1312;12053,74;TELEMARKETING
2026-01-01;1166;8888;4496,18;E-COMMERCE
2026-01-01;2657;2853;5230,06;TELEMARKETING
2026-01-01;2662;1884;121,92;TELEMARKETING
2026-01-01;2662;2985;365,94;TELEMARKETING
2026-01-01;2606;2727;924,55;TELEMARKETING
2026-01-01;1876;1929;302,24;TELEMARKETING
2026-01-01;1203;8888;6912,76;FORÇA DE VENDAS
2026-01-01;2085;1778;295,67;TELEMARKETING
2026-01-01;634;8888;369,44;E-COMMERCE
2026-01-01;2602;8888;757,28;E-COMMERCE
2026-01-01;802;1533;407,28;TELEMARKETING
2026-01-01;2687;8888;558,72;FORÇA DE VENDAS
2026-01-01;2655;8888;12654,47;FORÇA DE VENDAS
2026-01-01;2684;8888;196,48;FORÇA DE VENDAS
2026-01-01;530;8888;45181,11;FORÇA DE VENDAS
2026-01-01;1381;8888;22661,81;FORÇA DE VENDAS
2026-01-01;2287;1960;15341,68;TELEMARKETING
2026-01-01;2000;8888;15982,56;FORÇA DE VENDAS
2026-01-01;2648;1929;1079,68;TELEMARKETING
2026-01-01;1956;672;2698,83;TELEMARKETING
2026-01-01;2665;2853;2993,56;TELEMARKETING
2026-01-01;2530;8888;2571,25;FORÇA DE VENDAS
2026-01-01;2579;672;2359,69;TELEMARKETING
2026-01-01;2192;412;135,68;TELEMARKETING
2026-01-01;2413;2727;1245,37;TELEMARKETING
2026-01-01;1308;1954;1478,85;TELEMARKETING
2026-01-01;2592;1778;9962,67;TELEMARKETING
2026-01-01;2394;8888;1500,95;FORÇA DE VENDAS
2026-01-01;525;1087;1252,56;TELEMARKETING
2026-01-01;1166;1885;950,6;TELEMARKETING
2026-01-01;2620;3179;780,19;TELEMARKETING
2026-01-01;2490;8888;1551,64;E-COMMERCE
2026-01-01;540;412;148,92;TELEMARKETING
2026-01-01;2659;2185;407,4;TELEMARKETING
2026-01-01;2510;8888;24388,82;PEDIDO ELETRÔNICO
2026-01-01;949;1258;3112,18;TELEMARKETING
2026-01-01;2341;8888;12,51;E-COMMERCE
2026-01-01;1539;1885;3714,18;TELEMARKETING
2026-01-01;1299;2523;8253,11;TELEMARKETING
2026-01-01;443;1533;202,88;TELEMARKETING
2026-01-01;1063;8888;341,6;E-COMMERCE
2026-01-01;1998;8888;10821,09;FORÇA DE VENDAS
2026-01-01;2588;8888;18090,93;FORÇA DE VENDAS
2026-01-01;1642;1885;1064,0;TELEMARKETING
2026-01-01;2015;2571;597,22;TELEMARKETING
2026-01-01;2228;8888;815,78;FORÇA DE VENDAS
2026-01-01;2375;8888;6627,39;FORÇA DE VENDAS
2026-01-01;1117;8888;4330,44;FORÇA DE VENDAS
2026-01-01;2049;1087;2016,6;TELEMARKETING
2026-01-01;2639;8888;664,17;FORÇA DE VENDAS
2026-01-01;2663;1885;1310,56;TELEMARKETING
2026-01-01;609;8888;11905,25;FORÇA DE VENDAS
2026-01-01;2651;8888;1255,48;E-COMMERCE
2026-01-01;2402;998;47539,44;TELEMARKETING
2026-01-01;1993;8888;20,66;E-COMMERCE
2026-01-01;1465;675;492,04;TELEMARKETING
2026-01-01;2178;738;2195,64;TELEMARKETING
2026-01-01;818;1885;230,46;TELEMARKETING
2026-01-01;353;412;1448,5;TELEMARKETING
2026-01-01;1632;8888;3324,26;FORÇA DE VENDAS
2026-01-01;360;8888;616,88;E-COMMERCE
2026-01-01;14;805;5058,1;TELEMARKETING
2026-01-01;2019;977;1259,6;TELEMARKETING
2026-01-01;2019;8888;13549,38;FORÇA DE VENDAS
2026-01-01;285;8888;600,64;E-COMMERCE
2026-01-01;953;805;1352,73;TELEMARKETING
2026-01-01;610;8888;8345,96;FORÇA DE VENDAS
2026-01-01;104;8888;-8189,44;FORÇA DE VENDAS
2026-01-01;2413;8888;-3025,21;FORÇA DE VENDAS
2026-01-01;441;8888;104070,86;FORÇA DE VENDAS
2026-01-01;460;8888;3093,11;FORÇA DE VENDAS
2026-01-01;951;738;770,4;TELEMARKETING
2026-01-01;1890;1953;2516,7;TELEMARKETING
2026-01-01;2197;8888;16909,42;FORÇA DE VENDAS
2026-01-01;2457;1883;1185,36;TELEMARKETING
2026-01-01;2485;8888;204,79;E-COMMERCE
2026-01-01;2545;8888;3004,87;FORÇA DE VENDAS
2026-01-01;822;2185;900,6;TELEMARKETING
2026-01-01;2617;1778;678,36;TELEMARKETING
2026-01-01;2580;1960;3436,21;TELEMARKETING
2026-01-01;2635;1885;135,8;TELEMARKETING
2026-01-01;2567;8888;5067,46;FORÇA DE VENDAS
2026-01-01;2472;2853;4232,6;TELEMARKETING
2026-01-01;2576;8888;6724,73;FORÇA DE VENDAS
2026-01-01;1427;3009;2771,16;TELEMARKETING
2026-01-01;2660;8888;11202,81;FORÇA DE VENDAS
2026-01-01;1653;1281;2022,33;TELEMARKETING
2026-01-01;2394;2727;7028,42;TELEMARKETING
2026-01-01;767;8888;5213,56;FORÇA DE VENDAS
2026-01-01;2454;8888;1279,42;FORÇA DE VENDAS
2026-01-01;2218;8888;604,81;FORÇA DE VENDAS
2026-01-01;1518;1533;5997,19;TELEMARKETING
2026-01-01;1063;8888;7644,52;FORÇA DE VENDAS
2026-01-01;2533;27;272,36;TELEMARKETING
2026-01-01;619;8888;3608,08;FORÇA DE VENDAS
2026-01-01;1384;691;1028,72;TELEMARKETING
2026-01-01;2133;8888;826,71;E-COMMERCE
2026-01-01;2279;8888;852,1;FORÇA DE VENDAS
2026-01-01;2015;8888;1035,72;E-COMMERCE
2026-01-01;2015;8888;11187,85;FORÇA DE VENDAS
2026-01-01;1478;8888;3206,97;FORÇA DE VENDAS
2026-01-01;1117;1139;223,26;TELEMARKETING
2026-01-01;424;8888;4829,45;E-COMMERCE
2026-01-01;451;8888;606,1;E-COMMERCE
2026-01-01;1317;8888;1940,94;FORÇA DE VENDAS
2026-01-01;2089;1533;1726,09;TELEMARKETING
2026-01-01;363;1898;3535,11;TELEMARKETING
2026-01-01;325;14;15,19;TELEMARKETING
2026-01-01;325;1214;194,02;TELEMARKETING
2026-01-01;2069;8888;157,48;E-COMMERCE
2026-01-01;802;8888;3161,07;FORÇA DE VENDAS
2026-01-01;610;805;1843,1;TELEMARKETING
2026-01-01;424;8888;352,32;FORÇA DE VENDAS
2026-01-01;1823;8888;5858,75;FORÇA DE VENDAS
2026-01-01;1823;8888;1520,21;E-COMMERCE
2026-01-01;452;8888;423,59;E-COMMERCE
2026-01-01;131;8888;12222,42;FORÇA DE VENDAS
2026-01-01;2537;1885;135,8;TELEMARKETING
2026-01-01;477;58;464,23;TELEMARKETING
2026-01-01;629;805;166,24;TELEMARKETING
2026-01-01;535;1312;432,73;TELEMARKETING
2026-01-01;415;213;271,52;TELEMARKETING
2026-01-01;2261;8888;316,14;E-COMMERCE
2026-01-01;664;675;114,0;TELEMARKETING
2026-01-01;1518;8888;138,84;E-COMMERCE
2026-01-01;2211;874;429,25;TELEMARKETING
2026-01-01;2432;8888;601,82;FORÇA DE VENDAS
2026-01-01;2346;8888;73,26;E-COMMERCE
2026-01-01;2118;8888;359,95;E-COMMERCE
2026-01-01;351;738;408,6;TELEMARKETING
2026-01-01;1278;8888;1882,65;FORÇA DE VENDAS
2026-01-01;781;8888;8046,38;FORÇA DE VENDAS
2026-01-01;2362;8888;9281,24;FORÇA DE VENDAS
2026-01-01;1501;8888;6789,72;FORÇA DE VENDAS
2026-01-01;2308;8888;1257,02;FORÇA DE VENDAS
2026-01-01;580;8888;12009,61;FORÇA DE VENDAS
2026-01-01;1108;1954;34631,31;TELEMARKETING
2026-01-01;2493;8888;149,31;E-COMMERCE
2026-01-01;2660;423;693,22;TELEMARKETING
2026-01-01;1984;738;2985,52;TELEMARKETING
2026-01-01;1116;13148;912,87;TELEMARKETING
2026-01-01;890;8888;46339,97;FORÇA DE VENDAS
2026-01-01;1499;8888;29,8;E-COMMERCE
2026-01-01;535;8888;4485,07;FORÇA DE VENDAS
2026-01-01;636;2571;1980,43;TELEMARKETING
2026-01-01;703;8888;6752,22;E-COMMERCE
2026-01-01;1834;8888;155,4;FORÇA DE VENDAS
2026-01-01;2577;8888;35782,49;FORÇA DE VENDAS
2026-01-01;2026;8888;87,6;E-COMMERCE
2026-01-01;2631;8888;3208,32;FORÇA DE VENDAS
2026-01-01;89;8888;389,63;E-COMMERCE
2026-01-01;2588;2845;839,24;TELEMARKETING
2026-01-01;1642;8888;30729,75;FORÇA DE VENDAS
2026-01-01;2601;8888;10802,98;FORÇA DE VENDAS
2026-01-01;360;8888;21870,3;FORÇA DE VENDAS
2026-01-01;2251;675;1071,68;TELEMARKETING
2026-01-01;1271;8888;8306,12;FORÇA DE VENDAS
2026-01-01;2049;8888;3025,56;FORÇA DE VENDAS
2026-01-01;1465;8888;432,73;E-COMMERCE
2026-01-01;358;546;3329,62;TELEMARKETING
2026-01-01;1996;8888;141,24;E-COMMERCE
2026-01-01;559;8888;4326,16;FORÇA DE VENDAS
2026-01-01;2178;8888;31321,65;FORÇA DE VENDAS
2026-01-01;1466;8888;45884,57;FORÇA DE VENDAS
2026-01-01;131;27;991,48;TELEMARKETING
2026-01-01;1465;3403;2157,28;TELEMARKETING
2026-01-01;1873;519;228,52;TELEMARKETING
2026-01-01;1102;8888;791,04;E-COMMERCE
2026-01-01;2109;8888;144,99;E-COMMERCE
2026-01-01;2250;8888;2369,85;FORÇA DE VENDAS
2026-01-01;2670;874;324,04;TELEMARKETING
2026-01-01;1289;1929;2045,4;TELEMARKETING
2026-01-01;2383;8888;26199,6;FORÇA DE VENDAS
2026-01-01;451;58;580,82;TELEMARKETING
2026-01-01;351;8888;656,24;E-COMMERCE
2026-01-01;1116;8888;70,5;E-COMMERCE
2026-01-01;854;2184;532,0;TELEMARKETING
2026-01-01;2651;8888;251,24;FORÇA DE VENDAS
2026-01-01;2375;2184;135,8;TELEMARKETING
2026-01-01;2345;8888;1225,28;FORÇA DE VENDAS
2026-01-01;1876;8888;279,37;E-COMMERCE
2026-01-01;768;8888;1080,96;E-COMMERCE
2026-01-01;2430;8888;2225,01;FORÇA DE VENDAS
2026-01-01;925;8888;1034,8;FORÇA DE VENDAS
2026-01-01;2571;1954;562,67;TELEMARKETING
2026-01-01;2571;1312;3750,45;TELEMARKETING
2026-01-01;2657;8888;407,04;E-COMMERCE
2026-01-01;2448;3009;281,84;TELEMARKETING
2026-01-01;2539;3009;4402,72;TELEMARKETING
2026-01-01;2674;8888;50,7;FORÇA DE VENDAS
2026-01-01;2676;8888;129,92;FORÇA DE VENDAS
2026-01-01;953;8888;13766,56;FORÇA DE VENDAS
2026-01-01;2190;8888;5666,56;FORÇA DE VENDAS
2026-01-01;2461;8888;10595,62;FORÇA DE VENDAS
2026-01-01;2659;1899;1176,8;TELEMARKETING
2026-01-01;2659;8888;1744,94;FORÇA DE VENDAS
2026-01-01;1142;8888;48055,34;FORÇA DE VENDAS
2026-01-01;1585;1762;1956,66;TELEMARKETING
2026-01-01;949;2176;274226,73;TELEMARKETING
2026-01-01;949;998;13729,18;TELEMARKETING
2026-01-01;475;977;5994,99;TELEMARKETING
2026-01-01;619;8888;295,46;E-COMMERCE
2026-01-01;132;213;20,8;TELEMARKETING
2026-01-01;89;8888;3896,28;FORÇA DE VENDAS
2026-01-01;571;8888;38005,38;FORÇA DE VENDAS
2026-01-01;2601;1883;1608,05;TELEMARKETING
2026-01-01;664;8888;5207,0;FORÇA DE VENDAS
2026-01-01;360;546;4162,12;TELEMARKETING
2026-01-01;1478;8888;64,92;E-COMMERCE
2026-01-01;1117;8888;303,93;E-COMMERCE
2026-01-01;2639;1953;11180,41;TELEMARKETING
2026-01-01;1374;8888;273,2;E-COMMERCE
2026-01-01;1465;8888;11889,49;FORÇA DE VENDAS
2026-01-01;358;8888;9788,62;FORÇA DE VENDAS
2026-01-01;530;8888;997,14;E-COMMERCE
2026-01-01;358;8888;462,58;E-COMMERCE
2026-01-01;1466;1885;527,16;TELEMARKETING
2026-01-01;1380;8888;15,04;E-COMMERCE
2026-01-01;1996;8888;31553,12;FORÇA DE VENDAS
2026-01-01;353;8888;10948,22;FORÇA DE VENDAS
2026-01-01;2537;8888;908,04;FORÇA DE VENDAS
2026-01-01;1873;8888;13859,82;FORÇA DE VENDAS
2026-01-01;2082;1762;6003,16;TELEMARKETING
2026-01-01;1102;8888;187,12;FORÇA DE VENDAS
2026-01-01;1873;8888;1423,76;E-COMMERCE
2026-01-01;285;8888;7597,1;FORÇA DE VENDAS
2026-01-01;2199;1898;1206,18;TELEMARKETING
2026-01-01;2366;8888;1879,17;FORÇA DE VENDAS
2026-01-01;58;8888;23,97;E-COMMERCE
2026-01-01;2536;437;22120,0;TELEMARKETING
2026-01-01;325;738;20,46;TELEMARKETING
2026-01-01;138;13148;55,41;TELEMARKETING
2026-01-01;2392;1762;6328,87;TELEMARKETING
2026-01-01;325;2991;46,4;TELEMARKETING
2026-01-01;2680;8888;11316,57;FORÇA DE VENDAS
2026-01-01;2601;8888;651,36;E-COMMERCE
2026-01-01;2114;1312;5935,76;TELEMARKETING
2026-01-01;2409;1885;1629,6;TELEMARKETING
2026-01-01;2211;8888;39938,61;FORÇA DE VENDAS
2026-01-01;675;8888;1842,38;FORÇA DE VENDAS
2026-01-01;1939;8888;45,8;FORÇA DE VENDAS
2026-01-01;1374;2845;540,96;TELEMARKETING
2026-01-01;2345;8888;135,68;E-COMMERCE
2026-01-01;768;8888;20845,4;FORÇA DE VENDAS
2026-01-01;2085;8888;10364,1;FORÇA DE VENDAS
2026-01-01;522;8888;9984,24;FORÇA DE VENDAS
2026-01-01;1539;2184;302,88;TELEMARKETING
2026-01-01;2209;738;3468,97;TELEMARKETING
2026-01-01;2209;8888;248,96;E-COMMERCE
2026-01-01;2650;2185;44,7;TELEMARKETING
2026-01-01;2685;8888;135,8;FORÇA DE VENDAS
2026-01-01;2599;8888;7801,4;FORÇA DE VENDAS
2026-01-01;2448;8888;3749,06;FORÇA DE VENDAS
2026-01-01;2392;8888;7059,92;FORÇA DE VENDAS
2026-01-01;2579;8888;237,98;FORÇA DE VENDAS
2026-01-01;818;8888;32761,82;FORÇA DE VENDAS
2026-01-01;1075;8888;29035,16;FORÇA DE VENDAS
2026-01-01;931;8888;139,68;FORÇA DE VENDAS
2026-01-01;1075;58;55,41;TELEMARKETING
2026-01-01;14;8888;47314,41;FORÇA DE VENDAS
2026-01-01;1166;2184;543,2;TELEMARKETING
2026-01-01;1501;213;169,36;TELEMARKETING
2026-01-01;2510;8888;13763,04;FORÇA DE VENDAS
2026-01-01;429;8888;29269,25;FORÇA DE VENDAS
2026-01-01;451;8888;5316,54;FORÇA DE VENDAS
2026-01-01;2124;8888;5896,48;FORÇA DE VENDAS
2026-01-01;952;8888;2720,14;FORÇA DE VENDAS
2026-01-01;952;1899;300,36;TELEMARKETING
2026-01-01;1539;8888;513,48;E-COMMERCE
2026-01-01;1937;8888;5215,68;FORÇA DE VENDAS
2026-01-01;58;675;193,42;TELEMARKETING
2026-01-01;2678;8888;6609,73;FORÇA DE VENDAS
2026-01-01;2309;1954;843,57;TELEMARKETING
2026-01-01;2490;1885;918,52;TELEMARKETING
2026-01-01;595;691;168,12;TELEMARKETING
2026-01-01;854;8888;8970,13;FORÇA DE VENDAS
2026-01-01;2211;8888;274,69;E-COMMERCE
2026-01-01;675;8888;811,52;E-COMMERCE
2026-01-01;1340;805;1457,21;TELEMARKETING
2026-01-01;2601;2183;515,84;TELEMARKETING
2026-01-01;2507;8888;230,43;E-COMMERCE
2026-01-01;1203;738;272,4;TELEMARKETING
2026-01-01;2064;2184;197,56;TELEMARKETING
2026-01-01;2185;8888;11100,8;FORÇA DE VENDAS
2026-01-01;2686;8888;395,16;FORÇA DE VENDAS
2026-01-01;2440;8888;13472,3;FORÇA DE VENDAS
2026-01-01;374;8888;12,31;E-COMMERCE
2026-01-01;2633;1953;2834,58;TELEMARKETING
2026-01-01;2661;2845;19,54;TELEMARKETING
2026-01-01;2655;1885;149,28;TELEMARKETING
2026-01-01;2421;8888;4522,62;FORÇA DE VENDAS
2026-01-01;818;519;5100,06;TELEMARKETING
2026-01-01;1277;8888;15681,11;FORÇA DE VENDAS
2026-01-01;104;213;-7718,37;TELEMARKETING
2026-01-01;2421;3009;7804,64;TELEMARKETING
2026-01-01;1450;8888;26384,1;FORÇA DE VENDAS
2026-01-01;951;8888;2600,29;E-COMMERCE
2026-01-01;951;8888;3761,17;FORÇA DE VENDAS
2026-01-01;1690;691;1903,28;TELEMARKETING
2026-01-01;1890;1960;4997,28;TELEMARKETING
2026-01-01;2495;8888;4020,51;FORÇA DE VENDAS
2026-01-01;2530;874;5205,53;TELEMARKETING
2026-01-01;2538;1953;5997,11;TELEMARKETING
2026-01-01;2591;1960;271,36;TELEMARKETING
2026-01-01;2622;2727;133,49;TELEMARKETING
2026-01-01;2109;8888;2325,95;FORÇA DE VENDAS
2026-01-01;783;8888;11603,34;FORÇA DE VENDAS
2026-01-01;2359;874;13294,7;TELEMARKETING
2026-01-01;2438;8888;2797,98;FORÇA DE VENDAS
2026-01-01;1278;1533;1561,77;TELEMARKETING
2026-01-01;2576;3179;765,8;TELEMARKETING
2026-01-01;2490;8888;1743,12;FORÇA DE VENDAS
2026-01-01;27;8888;2088,9;FORÇA DE VENDAS
2026-01-01;2114;8888;13886,63;FORÇA DE VENDAS
2026-01-01;2114;1954;6505,69;TELEMARKETING
2026-01-01;2477;8888;18587,23;FORÇA DE VENDAS
2026-01-01;2039;1954;8456,77;TELEMARKETING
2026-01-01;2648;1087;1087,22;TELEMARKETING
2026-01-01;1642;8888;1426,7;E-COMMERCE
2026-01-01;2648;8888;943,04;FORÇA DE VENDAS
2026-01-01;2619;8888;15,63;FORÇA DE VENDAS
2026-01-01;2087;8888;4527,76;E-COMMERCE
2026-01-01;2507;8888;9891,43;FORÇA DE VENDAS
2026-01-01;2641;8888;5466,0;FORÇA DE VENDAS
2026-01-01;2604;8888;31,96;E-COMMERCE
2026-01-01;2673;2185;543,2;TELEMARKETING
2026-01-01;2604;8888;3803,48;FORÇA DE VENDAS
2026-01-01;2604;2183;1571,84;TELEMARKETING
2026-01-01;2571;8888;4311,86;FORÇA DE VENDAS
2026-01-01;1539;2985;50,24;TELEMARKETING
2026-01-01;2678;874;50,64;TELEMARKETING
2026-01-01;2664;412;14,9;TELEMARKETING
2026-01-01;1374;8888;10316,21;FORÇA DE VENDAS
2026-01-01;2442;8888;5719,64;FORÇA DE VENDAS
2026-01-01;1869;8888;17065,45;FORÇA DE VENDAS
2026-01-01;2316;8888;-130,52;FORÇA DE VENDAS
2026-01-01;1456;8888;56788,88;FORÇA DE VENDAS
2026-01-01;1539;8888;13174,6;FORÇA DE VENDAS
2026-01-01;597;8888;466,32;E-COMMERCE
2026-01-01;2485;1885;928,51;TELEMARKETING
2026-01-01;2591;1953;3768,34;TELEMARKETING
2026-01-01;2606;8888;1572,72;FORÇA DE VENDAS
2026-01-01;1716;1312;5244,46;TELEMARKETING
2026-01-01;1254;1960;13283,4;TELEMARKETING
2026-01-01;2429;8888;4851,94;FORÇA DE VENDAS
2026-01-01;2438;738;270,48;TELEMARKETING
2026-01-01;2449;3009;2891,61;TELEMARKETING
2026-01-01;2192;977;52,8;TELEMARKETING
2026-01-01;2413;8888;1911,15;E-COMMERCE
2026-01-01;450;8888;21,9;E-COMMERCE
2026-01-01;2308;2220;882,15;TELEMARKETING
2026-01-01;2472;8888;6287,18;FORÇA DE VENDAS
2026-01-01;1380;738;693,7;TELEMARKETING
2026-01-01;1108;874;1585,22;TELEMARKETING
2026-01-01;2493;8888;981,95;FORÇA DE VENDAS
2026-01-01;1653;8888;6389,86;FORÇA DE VENDAS
2026-01-01;2660;8888;350,12;E-COMMERCE
2026-01-01;1984;3009;27,28;TELEMARKETING
2026-01-01;1166;8888;20836,12;FORÇA DE VENDAS
2026-01-01;1293;8888;3337,34;FORÇA DE VENDAS
2026-01-01;1594;2727;1107,75;TELEMARKETING
2026-01-01;1299;2522;1946,05;TELEMARKETING
2026-01-01;483;8888;3234,27;FORÇA DE VENDAS
2026-01-01;2375;8888;1730,2;E-COMMERCE
2026-01-01;703;3009;179,4;TELEMARKETING
2026-01-01;781;8888;781,18;E-COMMERCE
2026-01-01;1518;8888;18696,24;FORÇA DE VENDAS
2026-01-01;443;8888;135,31;E-COMMERCE
2026-01-01;1642;1899;515,84;TELEMARKETING
2026-01-01;1642;2183;1868,16;TELEMARKETING
2026-01-01;1642;2985;637,68;TELEMARKETING
2026-01-01;1642;1883;256,52;TELEMARKETING
2026-01-01;571;691;1371,68;TELEMARKETING
2026-01-01;326;8888;3783,91;E-COMMERCE
2026-01-01;2251;8888;1988,76;FORÇA DE VENDAS
2026-01-01;33;8888;63584,62;FORÇA DE VENDAS
2026-01-01;2049;8888;221,92;E-COMMERCE
2026-01-01;1998;8888;951,33;E-COMMERCE
2026-01-01;363;8888;4405,79;FORÇA DE VENDAS
2026-01-01;2094;8888;4382,82;FORÇA DE VENDAS
2026-01-01;610;8888;6627,57;E-COMMERCE
2026-01-01;2189;738;11755,24;TELEMARKETING
2026-01-01;40;8888;217,26;E-COMMERCE
2026-01-01;2064;8888;275,58;E-COMMERCE
2026-01-01;1117;58;36,94;TELEMARKETING
2026-01-01;1075;8888;3192,38;E-COMMERCE
2026-01-01;2635;2184;360,25;TELEMARKETING
2026-01-01;2635;8888;8976,9;FORÇA DE VENDAS
2026-01-01;2359;8888;12083,44;FORÇA DE VENDAS
2026-01-01;2359;8888;1435,5;E-COMMERCE
2026-01-01;781;805;821,24;TELEMARKETING
2026-01-01;1537;8888;10589,26;FORÇA DE VENDAS
2026-01-01;2652;2183;1273,31;TELEMARKETING
2026-01-01;2107;8888;49655,05;FORÇA DE VENDAS
2026-01-01;2308;8888;534,06;E-COMMERCE
2026-01-01;2439;8888;2194,71;FORÇA DE VENDAS
2026-01-01;1450;1778;557,89;TELEMARKETING
2026-01-01;6;1533;801,82;TELEMARKETING
2026-01-01;1166;2185;1736,34;TELEMARKETING
2026-01-01;1499;8888;505,02;FORÇA DE VENDAS
2026-01-01;890;1533;11800,13;TELEMARKETING
2026-01-01;2620;8888;51,22;E-COMMERCE
2026-01-01;1585;8888;5654,37;FORÇA DE VENDAS
2026-01-01;285;805;4785,4;TELEMARKETING
2026-01-01;634;8888;5410,95;FORÇA DE VENDAS
2026-01-01;1384;8888;41346,33;FORÇA DE VENDAS
2026-01-01;1642;2185;970,45;TELEMARKETING
2026-01-01;326;2845;204,56;TELEMARKETING
2026-01-01;2249;8888;10073,54;FORÇA DE VENDAS
2026-01-01;2249;2727;2102,37;TELEMARKETING
2026-01-01;1277;213;1204,67;TELEMARKETING
2026-01-01;2528;8888;3101,04;FORÇA DE VENDAS
2026-01-01;1137;422;6583,03;TELEMARKETING
2026-01-01;2089;8888;193,92;E-COMMERCE
2026-01-01;326;1214;79,98;TELEMARKETING
2026-01-01;2107;1954;533,9;TELEMARKETING
2026-01-01;325;8888;1582,06;E-COMMERCE
2026-01-01;530;1139;43,5;TELEMARKETING
2026-01-01;132;8888;14,2;E-COMMERCE
2026-01-01;2094;874;21778,84;TELEMARKETING
2026-01-01;802;738;466,56;TELEMARKETING
2026-01-01;1064;27;2427,57;TELEMARKETING
2026-01-01;947;8888;13689,91;PEDIDO ELETRÔNICO
2026-01-01;1756;27;515,36;TELEMARKETING
2026-01-01;1823;546;877,93;TELEMARKETING
2026-01-01;2064;8888;2963,78;FORÇA DE VENDAS
2026-01-01;1632;423;10073,96;TELEMARKETING
2026-01-01;1102;13148;390,0;TELEMARKETING
2026-01-01;477;8888;4921,71;FORÇA DE VENDAS
2026-01-01;2019;8888;208,8;E-COMMERCE
2026-01-01;1324;8888;4581,16;FORÇA DE VENDAS
2026-01-01;1998;691;3548,92;TELEMARKETING
2026-01-01;429;1281;581,77;TELEMARKETING
2026-01-01;571;8888;52,71;E-COMMERCE
2026-01-01;629;675;36,07;TELEMARKETING
2026-01-01;20;8888;45848,52;FORÇA DE VENDAS
2026-01-01;1293;8888;1120,41;E-COMMERCE
2026-01-01;816;8888;29604,76;FORÇA DE VENDAS
2026-01-01;1063;27;379,79;TELEMARKETING
2026-01-01;1063;3403;79,24;TELEMARKETING
2026-01-01;2245;8888;46,63;E-COMMERCE
2026-01-01;2309;8888;5642,78;FORÇA DE VENDAS
2026-01-01;58;8888;3891,08;FORÇA DE VENDAS
2026-01-01;664;8888;908,19;E-COMMERCE
2026-01-01;1364;58;226,4;TELEMARKETING
2026-01-01;595;8888;1272,43;FORÇA DE VENDAS
2026-01-01;2375;519;2514,8;TELEMARKETING
2026-01-01;2388;1899;25698,9;TELEMARKETING
2026-01-01;2118;1954;3531,7;TELEMARKETING
2026-01-01;351;1533;271,52;TELEMARKETING
2026-01-01;2631;8888;226,3;E-COMMERCE
2026-01-01;2533;8888;34,1;FORÇA DE VENDAS
2026-01-01;1101;8888;56,85;FORÇA DE VENDAS
2026-01-01;2684;8888;669,3;E-COMMERCE
2026-01-01;132;8888;5259,07;FORÇA DE VENDAS
2026-01-01;945;8888;43204,32;PEDIDO ELETRÔNICO
2026-01-01;1142;1778;2111,56;TELEMARKETING
2026-01-01;2452;8888;116,14;E-COMMERCE
2026-01-01;1756;8888;353,3;E-COMMERCE
2026-01-01;2528;672;2913,14;TELEMARKETING
2026-01-01;2163;8888;17571,4;FORÇA DE VENDAS
2026-01-01;1427;8888;356,79;E-COMMERCE
2026-01-01;609;412;6443,72;TELEMARKETING
2026-01-01;2402;2176;3960,25;TELEMARKETING
2026-01-01;2402;2727;542,7;TELEMARKETING
2026-01-01;2094;8888;96,01;E-COMMERCE
2026-01-01;1466;519;288,88;TELEMARKETING
2026-01-01;2064;1883;37,68;TELEMARKETING
2026-01-01;1117;27;63,18;TELEMARKETING
2026-01-01;1007;8888;14355,2;FORÇA DE VENDAS
2026-01-01;2537;2185;271,6;TELEMARKETING
2026-01-01;619;675;129,3;TELEMARKETING
2026-01-01;2082;8888;16776,56;FORÇA DE VENDAS
2026-01-01;2593;8888;319,19;FORÇA DE VENDAS
2026-01-01;629;8888;2354,14;E-COMMERCE
2026-01-01;1289;8888;12320,72;FORÇA DE VENDAS
2026-01-01;535;422;708,94;TELEMARKETING
2026-01-01;415;8888;37421,74;FORÇA DE VENDAS
2026-01-01;2392;1778;2953,74;TELEMARKETING
2026-01-01;2678;1312;3035,3;TELEMARKETING
2026-01-01;2652;8888;196,48;FORÇA DE VENDAS
2026-01-01;438;8888;7803,96;FORÇA DE VENDAS
2026-01-01;2651;58;1376,58;TELEMARKETING
2026-01-01;2363;8888;7706,08;FORÇA DE VENDAS
2026-01-01;1259;8888;13,3;FORÇA DE VENDAS
2026-01-01;2684;1885;271,6;TELEMARKETING
2026-01-01;2118;8888;86964,92;FORÇA DE VENDAS
2026-01-01;1344;738;272,4;TELEMARKETING
2026-01-01;1876;8888;1779,44;FORÇA DE VENDAS
2026-01-01;2588;213;271,52;TELEMARKETING
2026-01-01;2507;874;3903,79;TELEMARKETING
2026-01-01;2185;874;4328,68;TELEMARKETING
2026-01-01;2687;1087;4263,6;TELEMARKETING
2026-01-01;2655;519;1734,74;TELEMARKETING
2026-01-01;2655;2183;1099,68;TELEMARKETING
2026-01-01;2607;1953;3218,92;TELEMARKETING
2026-01-01;1327;8888;4532,28;FORÇA DE VENDAS
2026-01-01;2592;8888;14228,55;FORÇA DE VENDAS
2026-01-01;2616;8888;10517,07;FORÇA DE VENDAS
2026-01-01;441;8888;489,5;E-COMMERCE
2026-01-01;2491;8888;810,13;FORÇA DE VENDAS
2026-01-01;2081;8888;9693,71;FORÇA DE VENDAS
2026-01-01;2133;8888;10231,49;FORÇA DE VENDAS
2026-01-01;400;8888;9416,44;FORÇA DE VENDAS
2026-01-01;2189;213;103463,88;TELEMARKETING
2026-01-01;2325;8888;189,5;FORÇA DE VENDAS
2026-01-01;2133;691;2200,32;TELEMARKETING
2026-01-01;2330;8888;9503,88;FORÇA DE VENDAS
2026-01-01;2330;8888;28,05;E-COMMERCE
2026-01-01;2428;8888;7754,52;FORÇA DE VENDAS
2026-01-01;2443;8888;7929,09;FORÇA DE VENDAS
2026-01-01;2457;8888;6217,6;FORÇA DE VENDAS
2026-01-01;2457;2985;386,88;TELEMARKETING
2026-01-01;2616;1762;922,64;TELEMARKETING
2026-01-01;2510;1762;10137,52;TELEMARKETING
2026-01-01;1653;8888;45,97;E-COMMERCE
2026-01-01;2593;3179;7194,42;TELEMARKETING
2026-01-01;2568;2727;272,12;TELEMARKETING
2026-01-01;953;8888;119,68;E-COMMERCE
2026-01-01;953;58;360,68;TELEMARKETING
2026-01-01;2383;874;1402,91;TELEMARKETING
2026-01-01;890;738;42,62;TELEMARKETING
2026-01-01;452;213;492,01;TELEMARKETING
2026-01-01;363;8888;378,34;E-COMMERCE
2026-01-01;2245;8888;1257,85;FORÇA DE VENDAS
2026-01-01;2366;2220;288,53;TELEMARKETING
2026-01-01;949;1778;1478,6;TELEMARKETING
2026-01-01;2680;874;403,97;TELEMARKETING
2026-01-01;2490;2183;814,8;TELEMARKETING
2026-01-01;2133;213;59,14;TELEMARKETING
2026-01-01;2131;8888;50,7;FORÇA DE VENDAS
2026-01-01;2375;2183;1352,2;TELEMARKETING
2026-01-01;2388;8888;3077,68;FORÇA DE VENDAS
2026-01-01;675;1898;112,72;TELEMARKETING
2026-01-01;351;3009;1539,58;TELEMARKETING
2026-01-01;2419;691;284,34;TELEMARKETING
2026-01-01;475;1929;542,72;TELEMARKETING
2026-01-01;2576;2571;810,78;TELEMARKETING
2026-01-01;2388;8888;71,52;E-COMMERCE
2026-01-01;2491;8888;79,67;E-COMMERCE
2026-01-01;2604;2985;1975,6;TELEMARKETING
2026-01-01;2657;8888;14429,13;FORÇA DE VENDAS
2026-01-01;2081;738;469,3;TELEMARKETING
2026-01-01;2687;1929;1109,44;TELEMARKETING
2026-01-01;2666;8888;651,84;FORÇA DE VENDAS
2026-01-01;2678;1954;765,91;TELEMARKETING
2026-01-01;703;8888;30883,8;FORÇA DE VENDAS
2026-01-01;2433;8888;4006,53;FORÇA DE VENDAS
2026-01-01;1254;8888;39634,92;FORÇA DE VENDAS
2026-01-01;772;8888;37894,36;FORÇA DE VENDAS
2026-01-01;1020;8888;13493,11;FORÇA DE VENDAS
2026-01-01;629;8888;8347,67;FORÇA DE VENDAS
2026-01-01;1137;2220;887,15;TELEMARKETING
2026-01-01;460;2845;81,84;TELEMARKETING
2026-01-01;463;2549;71,11;TELEMARKETING
2026-01-01;521;691;6062,9;TELEMARKETING
2026-01-01;521;8888;1493,04;FORÇA DE VENDAS
2026-01-01;2045;1960;814,08;TELEMARKETING
2026-01-01;2330;1954;677,95;TELEMARKETING
2026-01-01;2431;8888;1663,48;FORÇA DE VENDAS
2026-01-01;2435;8888;2572,95;FORÇA DE VENDAS
2026-01-01;2485;8888;299,86;FORÇA DE VENDAS
2026-01-01;2538;8888;135,68;E-COMMERCE
2026-01-01;2589;1953;5043,72;TELEMARKETING
2026-01-01;2635;1883;404,23;TELEMARKETING
2026-01-01;2613;1762;1366,73;TELEMARKETING
2026-01-01;2449;8888;15466,5;FORÇA DE VENDAS
2026-01-01;1907;8888;83514,28;FORÇA DE VENDAS
2026-01-01;2652;1883;422,16;TELEMARKETING
2026-01-01;1380;8888;38,97;FORÇA DE VENDAS
2026-01-01;2439;213;740,32;TELEMARKETING
2026-01-01;2439;8888;193,96;E-COMMERCE
2026-01-01;2493;1898;1539,98;TELEMARKETING
2026-01-01;2620;8888;288,54;FORÇA DE VENDAS
2026-01-01;1585;2727;72,03;TELEMARKETING
2026-01-01;483;8888;331,42;E-COMMERCE
2026-01-01;1853;8888;504,0;FORÇA DE VENDAS
2026-01-01;2631;2853;594,04;TELEMARKETING
2026-01-01;767;8888;2573,61;E-COMMERCE
2026-01-01;1956;8888;-156,91;FORÇA DE VENDAS
2026-01-01;1137;8888;13920,35;FORÇA DE VENDAS
2026-01-01;1642;2184;585,6;TELEMARKETING
2026-01-01;452;8888;36680,15;FORÇA DE VENDAS
2026-01-01;1304;213;358,4;TELEMARKETING
2026-01-01;1372;8888;13800,1;FORÇA DE VENDAS
2026-01-01;2316;1960;68595,17;TELEMARKETING
2026-01-01;1716;1954;3085,57;TELEMARKETING
2026-01-01;1301;805;104,16;TELEMARKETING
2026-01-01;2567;1762;1965,45;TELEMARKETING
2026-01-01;2000;1953;1911,3;TELEMARKETING
2026-01-01;2568;8888;9358,9;FORÇA DE VENDAS
2026-01-01;2452;8888;7576,85;FORÇA DE VENDAS
2026-01-01;2087;8888;897,34;FORÇA DE VENDAS
2026-01-01;2087;2183;351,68;TELEMARKETING
2026-01-01;2472;1953;407,04;TELEMARKETING
2026-01-01;941;1960;1492,48;TELEMARKETING
2026-01-01;2069;8888;12199,39;FORÇA DE VENDAS
2026-01-01;1108;1312;721,25;TELEMARKETING
2026-01-01;1308;8888;23937,66;FORÇA DE VENDAS
2026-01-01;1308;1312;1308,09;TELEMARKETING
2026-01-01;2399;8888;11692,03;FORÇA DE VENDAS
2026-01-01;525;8888;13091,55;FORÇA DE VENDAS
2026-01-01;525;8888;1542,82;E-COMMERCE
2026-01-01;2039;8888;25863,76;FORÇA DE VENDAS
2026-01-01;1116;8888;136,73;FORÇA DE VENDAS
2026-01-01;767;2853;271,36;TELEMARKETING
2026-01-01;767;1087;135,68;TELEMARKETING
2026-01-01;1166;1883;393,72;TELEMARKETING
2026-01-01;1293;1281;955,49;TELEMARKETING
2026-01-01;675;3179;573,79;TELEMARKETING
2026-01-01;1594;8888;1154,19;FORÇA DE VENDAS
2026-01-01;636;8888;8689,58;FORÇA DE VENDAS
2026-01-01;890;2845;1760,4;TELEMARKETING
2026-01-01;475;8888;17880,01;FORÇA DE VENDAS
2026-01-01;619;1139;121,65;TELEMARKETING
2026-01-01;131;8888;3579,42;E-COMMERCE
2026-01-01;2121;8888;170,96;E-COMMERCE
2026-01-01;1756;8888;11197,84;FORÇA DE VENDAS
2026-01-01;1277;8888;785,76;E-COMMERCE
2026-01-01;1478;675;36,94;TELEMARKETING
2026-01-01;1271;423;219,26;TELEMARKETING
2026-01-01;1381;213;750,8;TELEMARKETING
2026-01-01;1381;8888;2837,14;E-COMMERCE
2026-01-01;1317;8888;43,8;E-COMMERCE
2026-01-01;1317;412;2101,62;TELEMARKETING
2026-01-01;2663;8888;4163,5;FORÇA DE VENDAS
2026-01-01;40;8888;2597,1;FORÇA DE VENDAS
2026-01-01;326;14;285,25;TELEMARKETING
2026-01-01;353;8888;1138,67;E-COMMERCE
2026-01-01;2402;8888;2672,38;FORÇA DE VENDAS
2026-01-01;1993;8888;2038,87;FORÇA DE VENDAS
2026-01-01;1993;13148;21,64;TELEMARKETING
2026-01-01;2656;672;1606,76;TELEMARKETING
2026-01-01;2656;8888;71,6;FORÇA DE VENDAS
2026-01-01;818;8888;1330,85;E-COMMERCE
2026-01-01;40;58;649,05;TELEMARKETING
2026-01-01;2064;2183;392,96;TELEMARKETING
2026-01-01;1075;805;1376,78;TELEMARKETING
2026-01-01;1203;8888;1020,78;E-COMMERCE
2026-01-01;2537;519;1673,98;TELEMARKETING
2026-01-01;42;8888;3024,1;FORÇA DE VENDAS
2026-01-01;1137;8888;611,96;E-COMMERCE
2026-02-01;2383;8888;31061,55;FORÇA DE VENDAS
2026-02-01;890;8888;92504,11;FORÇA DE VENDAS
2026-02-01;952;1883;415,6;TELEMARKETING
2026-02-01;952;8888;4404,2;FORÇA DE VENDAS
2026-02-01;1063;8888;4072,4;E-COMMERCE
2026-02-01;2678;8888;5604,93;FORÇA DE VENDAS
2026-02-01;595;8888;1052,1;FORÇA DE VENDAS
2026-02-01;595;691;920,16;TELEMARKETING
2026-02-01;2250;8888;3840,72;FORÇA DE VENDAS
2026-02-01;2250;27;96,1;TELEMARKETING
2026-02-01;2069;8888;127,17;E-COMMERCE
2026-02-01;2114;8888;10975,93;FORÇA DE VENDAS
2026-02-01;451;8888;6010,96;FORÇA DE VENDAS
2026-02-01;2197;8888;717,12;E-COMMERCE
2026-02-01;2651;58;265,6;TELEMARKETING
2026-02-01;2133;8888;379,08;E-COMMERCE
2026-02-01;2528;8888;415,04;E-COMMERCE
2026-02-01;2363;8888;1068,95;FORÇA DE VENDAS
2026-02-01;2199;8888;2646,46;FORÇA DE VENDAS
2026-02-01;949;1258;36,0;TELEMARKETING
2026-02-01;2118;1954;3144,29;TELEMARKETING
2026-02-01;353;8888;6178,06;FORÇA DE VENDAS
2026-02-01;353;412;5530,23;TELEMARKETING
2026-02-01;1340;8888;10701,36;FORÇA DE VENDAS
2026-02-01;2419;691;4509,55;TELEMARKETING
2026-02-01;629;8888;17587,31;FORÇA DE VENDAS
2026-02-01;2687;1929;2878,78;TELEMARKETING
2026-02-01;2606;2727;4725,15;TELEMARKETING
2026-02-01;2574;2661;68,7;TELEMARKETING
2026-02-01;2359;8888;9394,81;FORÇA DE VENDAS
2026-02-01;925;8888;1101,15;FORÇA DE VENDAS
2026-02-01;1492;8888;265,92;E-COMMERCE
2026-02-01;14;8888;34484,91;FORÇA DE VENDAS
2026-02-01;443;8888;606,9;FORÇA DE VENDAS
2026-02-01;2085;1762;199,88;TELEMARKETING
2026-02-01;522;8888;2336,07;E-COMMERCE
2026-02-01;424;8888;3623,56;FORÇA DE VENDAS
2026-02-01;2183;8888;155,4;FORÇA DE VENDAS
2026-02-01;1642;2985;789,76;TELEMARKETING
2026-02-01;2045;1960;16357,94;TELEMARKETING
2026-02-01;2657;8888;12801,03;FORÇA DE VENDAS
2026-02-01;1539;8888;6202,6;FORÇA DE VENDAS
2026-02-01;2433;8888;4290,37;FORÇA DE VENDAS
2026-02-01;1278;1533;492,78;TELEMARKETING
2026-02-01;1853;8888;1430,56;FORÇA DE VENDAS
2026-02-01;2680;874;300,5;TELEMARKETING
2026-02-01;2655;8888;451,98;FORÇA DE VENDAS
2026-02-01;2409;8888;166,2;E-COMMERCE
2026-02-01;1299;2522;10706,92;TELEMARKETING
2026-02-01;2308;8888;166,22;FORÇA DE VENDAS
2026-02-01;325;13;114,44;TELEMARKETING
2026-02-01;325;1134;39,7;TELEMARKETING
2026-02-01;441;8888;87994,65;FORÇA DE VENDAS
2026-02-01;2392;1778;7912,75;TELEMARKETING
2026-02-01;363;8888;7888,28;FORÇA DE VENDAS
2026-02-01;351;3009;2179,84;TELEMARKETING
2026-02-01;890;1533;11429,11;TELEMARKETING
2026-02-01;2197;8888;11870,77;FORÇA DE VENDAS
2026-02-01;1876;8888;26,77;E-COMMERCE
2026-02-01;2576;8888;10688,24;FORÇA DE VENDAS
2026-02-01;2421;3009;1010,88;TELEMARKETING
2026-02-01;768;8888;21070,25;FORÇA DE VENDAS
2026-02-01;443;1533;852,67;TELEMARKETING
2026-02-01;443;691;263,68;TELEMARKETING
2026-02-01;2375;2184;2248,32;TELEMARKETING
2026-02-01;2375;1884;1199,8;TELEMARKETING
2026-02-01;1117;8888;408,17;E-COMMERCE
2026-02-01;2673;2185;119,97;TELEMARKETING
2026-02-01;2325;1778;2475,8;TELEMARKETING
2026-02-01;2635;8888;4962,9;FORÇA DE VENDAS
2026-02-01;2376;213;44731,11;TELEMARKETING
2026-02-01;2440;8888;5845,72;FORÇA DE VENDAS
2026-02-01;2089;1533;2754,52;TELEMARKETING
2026-02-01;951;8888;2564,08;E-COMMERCE
2026-02-01;2411;2476;18,9;TELEMARKETING
2026-02-01;2209;3009;1002,72;TELEMARKETING
2026-02-01;2209;8888;910,21;E-COMMERCE
2026-02-01;2658;1953;33,05;TELEMARKETING
2026-02-01;2584;8888;145,55;FORÇA DE VENDAS
2026-02-01;2539;3009;4593,77;TELEMARKETING
2026-02-01;2685;8888;1233,26;FORÇA DE VENDAS
2026-02-01;2685;2985;884,32;TELEMARKETING
2026-02-01;131;27;1856,34;TELEMARKETING
2026-02-01;2613;8888;9735,35;FORÇA DE VENDAS
2026-02-01;2606;8888;7044,14;FORÇA DE VENDAS
2026-02-01;2448;8888;6238,07;FORÇA DE VENDAS
2026-02-01;1996;8888;48011,29;FORÇA DE VENDAS
2026-02-01;1756;8888;7940,85;FORÇA DE VENDAS
2026-02-01;1166;2184;-543,2;TELEMARKETING
2026-02-01;727;412;7,99;TELEMARKETING
2026-02-01;931;423;342,96;TELEMARKETING
2026-02-01;2087;2184;592,68;TELEMARKETING
2026-02-01;1108;1954;24798,32;TELEMARKETING
2026-02-01;2394;8888;134,17;E-COMMERCE
2026-02-01;2039;1954;17257,39;TELEMARKETING
2026-02-01;1585;1778;648,15;TELEMARKETING
2026-02-01;1466;519;286,64;TELEMARKETING
2026-02-01;2656;672;1258,36;TELEMARKETING
2026-02-01;2656;8888;244,82;FORÇA DE VENDAS
2026-02-01;772;2845;252,72;TELEMARKETING
2026-02-01;1465;8888;1014,88;E-COMMERCE
2026-02-01;1456;8888;71757,63;FORÇA DE VENDAS
2026-02-01;2082;8888;13319,27;FORÇA DE VENDAS
2026-02-01;477;805;593,29;TELEMARKETING
2026-02-01;609;8888;452,52;E-COMMERCE
2026-02-01;636;422;527,66;TELEMARKETING
2026-02-01;2660;423;2165,64;TELEMARKETING
2026-02-01;2660;8888;5292,77;FORÇA DE VENDAS
2026-02-01;1317;8888;4903,84;FORÇA DE VENDAS
2026-02-01;1064;27;974,92;TELEMARKETING
2026-02-01;1064;8888;547,88;FORÇA DE VENDAS
2026-02-01;634;8888;1381,32;FORÇA DE VENDAS
2026-02-01;2463;1139;18215,48;TELEMARKETING
2026-02-01;802;8888;5145,3;FORÇA DE VENDAS
2026-02-01;2089;3009;355,08;TELEMARKETING
2026-02-01;2650;2185;53,18;TELEMARKETING
2026-02-01;2442;3009;20,07;TELEMARKETING
2026-02-01;2631;2853;271,36;TELEMARKETING
2026-02-01;2655;2985;790,24;TELEMARKETING
2026-02-01;2690;1929;8,98;TELEMARKETING
2026-02-01;2683;8888;1160,21;FORÇA DE VENDAS
2026-02-01;2601;1883;1155,82;TELEMARKETING
2026-02-01;460;8888;1955,66;FORÇA DE VENDAS
2026-02-01;2392;8888;10562,54;FORÇA DE VENDAS
2026-02-01;818;8888;59599,41;FORÇA DE VENDAS
2026-02-01;2394;2727;4382,85;TELEMARKETING
2026-02-01;1890;1960;46951,56;TELEMARKETING
2026-02-01;1137;8888;21793,42;FORÇA DE VENDAS
2026-02-01;521;691;93,74;TELEMARKETING
2026-02-01;1713;8888;1431,92;E-COMMERCE
2026-02-01;1846;423;1642,68;TELEMARKETING
2026-02-01;2019;8888;159,84;E-COMMERCE
2026-02-01;2330;8888;5497,84;FORÇA DE VENDAS
2026-02-01;2457;8888;6337,08;E-COMMERCE
2026-02-01;2545;8888;2742,38;FORÇA DE VENDAS
2026-02-01;2589;1953;902,24;TELEMARKETING
2026-02-01;2449;3009;505,44;TELEMARKETING
2026-02-01;2192;977;34,9;TELEMARKETING
2026-02-01;2413;2727;5351,71;TELEMARKETING
2026-02-01;2087;8888;1295,09;FORÇA DE VENDAS
2026-02-01;450;672;333,86;TELEMARKETING
2026-02-01;2362;8888;5847,71;FORÇA DE VENDAS
2026-02-01;531;8888;2900,57;E-COMMERCE
2026-02-01;1984;8888;136,4;FORÇA DE VENDAS
2026-02-01;716;519;2439,6;TELEMARKETING
2026-02-01;424;8888;1643,92;E-COMMERCE
2026-02-01;2630;519;43,92;TELEMARKETING
2026-02-01;2663;1885;2441,78;TELEMARKETING
2026-02-01;2094;874;4173,82;TELEMARKETING
2026-02-01;2223;8888;111,6;FORÇA DE VENDAS
2026-02-01;1465;8888;10987,24;FORÇA DE VENDAS
2026-02-01;360;8888;11887,9;FORÇA DE VENDAS
2026-02-01;360;546;7627,29;TELEMARKETING
2026-02-01;2537;519;440,86;TELEMARKETING
2026-02-01;951;3009;1769,04;TELEMARKETING
2026-02-01;1137;422;9551,17;TELEMARKETING
2026-02-01;609;8888;15318,57;FORÇA DE VENDAS
2026-02-01;767;8888;7404,15;FORÇA DE VENDAS
2026-02-01;2510;8888;12533,69;FORÇA DE VENDAS
2026-02-01;664;8888;4339,77;FORÇA DE VENDAS
2026-02-01;2660;8888;658,72;E-COMMERCE
2026-02-01;1293;8888;1233,2;E-COMMERCE
2026-02-01;531;8888;280,2;FORÇA DE VENDAS
2026-02-01;952;2183;633,8;TELEMARKETING
2026-02-01;952;1884;383,22;TELEMARKETING
2026-02-01;890;8888;1172,16;E-COMMERCE
2026-02-01;2309;2220;1072,43;TELEMARKETING
2026-02-01;2680;8888;7946,96;FORÇA DE VENDAS
2026-02-01;2652;8888;521,96;FORÇA DE VENDAS
2026-02-01;1142;1778;756,8;TELEMARKETING
2026-02-01;475;1087;2261,32;TELEMARKETING
2026-02-01;438;8888;7826,42;FORÇA DE VENDAS
2026-02-01;1137;874;396,48;TELEMARKETING
2026-02-01;2261;8888;7219,38;FORÇA DE VENDAS
2026-02-01;1993;8888;80,68;E-COMMERCE
2026-02-01;2606;1778;3952,99;TELEMARKETING
2026-02-01;716;2985;1380,35;TELEMARKETING
2026-02-01;1873;8888;6077,0;E-COMMERCE
2026-02-01;772;8888;1206,64;E-COMMERCE
2026-02-01;1142;8888;58173,04;FORÇA DE VENDAS
2026-02-01;2637;8888;295,5;FORÇA DE VENDAS
2026-02-01;2064;2184;1202,75;TELEMARKETING
2026-02-01;2082;1762;5354,66;TELEMARKETING
2026-02-01;477;58;202,71;TELEMARKETING
2026-02-01;664;8888;1481,47;E-COMMERCE
2026-02-01;1653;1281;4297,16;TELEMARKETING
2026-02-01;2668;2494;349,3;TELEMARKETING
2026-02-01;2333;8888;99,0;FORÇA DE VENDAS
2026-02-01;2568;2727;2456,88;TELEMARKETING
2026-02-01;816;8888;28016,74;FORÇA DE VENDAS
2026-02-01;2366;8888;2343,65;FORÇA DE VENDAS
2026-02-01;1063;3403;2336,45;TELEMARKETING
2026-02-01;2250;8888;307,39;E-COMMERCE
2026-02-01;2652;1883;1016,36;TELEMARKETING
2026-02-01;2652;2184;592,68;TELEMARKETING
2026-02-01;2133;2845;1741,33;TELEMARKETING
2026-02-01;2601;8888;174,83;E-COMMERCE
2026-02-01;1289;1929;1190,46;TELEMARKETING
2026-02-01;1108;1312;1118,0;TELEMARKETING
2026-02-01;2114;1312;8882,99;TELEMARKETING
2026-02-01;326;38;43,9;TELEMARKETING
2026-02-01;451;3403;563,51;TELEMARKETING
2026-02-01;326;213;2308,5;TELEMARKETING
2026-02-01;2146;8888;19,8;FORÇA DE VENDAS
2026-02-01;1271;8888;35,8;FORÇA DE VENDAS
2026-02-01;40;675;213,24;TELEMARKETING
2026-02-01;1993;8888;6380,96;FORÇA DE VENDAS
2026-02-01;360;8888;34,42;E-COMMERCE
2026-02-01;1299;27;2987,6;TELEMARKETING
2026-02-01;2107;8888;31,62;E-COMMERCE
2026-02-01;2528;672;1819,9;TELEMARKETING
2026-02-01;2308;2220;1328,04;TELEMARKETING
2026-02-01;2211;874;2117,37;TELEMARKETING
2026-02-01;1478;675;96,1;TELEMARKETING
2026-02-01;949;1134;32,0;TELEMARKETING
2026-02-01;675;8888;1526,3;FORÇA DE VENDAS
2026-02-01;363;8888;492,81;E-COMMERCE
2026-02-01;351;8888;3479,16;FORÇA DE VENDAS
2026-02-01;443;3009;110,71;TELEMARKETING
2026-02-01;1340;805;1577,7;TELEMARKETING
2026-02-01;2419;8888;15523,73;FORÇA DE VENDAS
2026-02-01;2687;8888;397,72;E-COMMERCE
2026-02-01;1907;2727;2077,2;TELEMARKETING
2026-02-01;1585;8888;6,65;E-COMMERCE
2026-02-01;2507;8888;10263,77;FORÇA DE VENDAS
2026-02-01;2659;1884;1147,44;TELEMARKETING
2026-02-01;2639;8888;4507,42;FORÇA DE VENDAS
2026-02-01;2249;1778;1126,5;TELEMARKETING
2026-02-01;1384;691;1048,64;TELEMARKETING
2026-02-01;816;3009;1236,0;TELEMARKETING
2026-02-01;2178;738;101,07;TELEMARKETING
2026-02-01;1203;738;874,28;TELEMARKETING
2026-02-01;2696;8888;42605,87;FORÇA DE VENDAS
2026-02-01;2000;8888;24712,58;FORÇA DE VENDAS
2026-02-01;664;675;102,3;TELEMARKETING
2026-02-01;1501;8888;5554,11;FORÇA DE VENDAS
2026-02-01;2185;8888;3697,17;FORÇA DE VENDAS
2026-02-01;629;675;1429,91;TELEMARKETING
2026-02-01;2026;1960;2303,64;TELEMARKETING
2026-02-01;2510;1762;8753,28;TELEMARKETING
2026-02-01;429;8888;19707,43;FORÇA DE VENDAS
2026-02-01;2568;8888;1228,59;E-COMMERCE
2026-02-01;1254;8888;35659,53;FORÇA DE VENDAS
2026-02-01;2124;8888;6135,47;FORÇA DE VENDAS
2026-02-01;1450;8888;1113,25;E-COMMERCE
2026-02-01;2309;8888;93,85;E-COMMERCE
2026-02-01;2567;1778;941,79;TELEMARKETING
2026-02-01;2114;1954;3148,81;TELEMARKETING
2026-02-01;1499;8888;181,17;FORÇA DE VENDAS
2026-02-01;326;1214;58,23;TELEMARKETING
2026-02-01;1075;8888;2477,61;E-COMMERCE
2026-02-01;2261;8888;126,76;E-COMMERCE
2026-02-01;1756;8888;139,54;E-COMMERCE
2026-02-01;325;2991;18,9;TELEMARKETING
2026-02-01;2183;2494;405,57;TELEMARKETING
2026-02-01;325;14;60,98;TELEMARKETING
2026-02-01;2388;8888;257,92;FORÇA DE VENDAS
2026-02-01;890;691;366,52;TELEMARKETING
2026-02-01;571;8888;921,0;E-COMMERCE
2026-02-01;2687;2853;407,04;TELEMARKETING
2026-02-01;571;8888;46737,68;FORÇA DE VENDAS
2026-02-01;285;8888;3563,74;FORÇA DE VENDAS
2026-02-01;131;8888;697,83;E-COMMERCE
2026-02-01;1203;8888;2033,66;E-COMMERCE
2026-02-01;2588;2845;1076,4;TELEMARKETING
2026-02-01;2507;874;3304,79;TELEMARKETING
2026-02-01;2249;8888;15348,5;FORÇA DE VENDAS
2026-02-01;2421;8888;4225,24;FORÇA DE VENDAS
2026-02-01;2049;1087;395,74;TELEMARKETING
2026-02-01;2430;8888;2432,59;FORÇA DE VENDAS
2026-02-01;2430;2845;758,16;TELEMARKETING
2026-02-01;1823;8888;2793,02;E-COMMERCE
2026-02-01;2492;8888;55,8;E-COMMERCE
2026-02-01;1492;8888;21,78;FORÇA DE VENDAS
2026-02-01;2494;8888;52,7;E-COMMERCE
2026-02-01;2185;874;13922,47;TELEMARKETING
2026-02-01;1642;2185;561,0;TELEMARKETING
2026-02-01;634;8888;6552,33;E-COMMERCE
2026-02-01;531;3009;7298,66;TELEMARKETING
2026-02-01;2392;1762;5581,78;TELEMARKETING
2026-02-01;1539;2184;128,96;TELEMARKETING
2026-02-01;2697;8888;2645,02;FORÇA DE VENDAS
2026-02-01;2081;8888;9457,29;FORÇA DE VENDAS
2026-02-01;1300;675;23,94;TELEMARKETING
2026-02-01;2688;412;774,72;TELEMARKETING
2026-02-01;2118;8888;94353,28;FORÇA DE VENDAS
2026-02-01;1063;38;-304,28;TELEMARKETING
2026-02-01;781;805;5388,89;TELEMARKETING
2026-02-01;104;8888;9639,79;FORÇA DE VENDAS
2026-02-01;1045;874;670,57;TELEMARKETING
2026-02-01;2457;2985;128,96;TELEMARKETING
2026-02-01;2495;8888;4501,84;FORÇA DE VENDAS
2026-02-01;2579;672;989,82;TELEMARKETING
2026-02-01;2591;1960;2286,88;TELEMARKETING
2026-02-01;2599;8888;10286,39;FORÇA DE VENDAS
2026-02-01;1301;805;93,03;TELEMARKETING
2026-02-01;2697;1312;6450,44;TELEMARKETING
2026-02-01;2580;1960;3345,52;TELEMARKETING
2026-02-01;783;8888;7047,73;FORÇA DE VENDAS
2026-02-01;2449;8888;5380,4;FORÇA DE VENDAS
2026-02-01;2192;8888;203,14;E-COMMERCE
2026-02-01;2439;8888;79,74;E-COMMERCE
2026-02-01;675;1898;1391,64;TELEMARKETING
2026-02-01;2199;1898;3259,74;TELEMARKETING
2026-02-01;2375;8888;821,15;E-COMMERCE
2026-02-01;2388;1884;211,08;TELEMARKETING
2026-02-01;1340;8888;94,82;E-COMMERCE
2026-02-01;2341;8888;599,9;FORÇA DE VENDAS
2026-02-01;610;8888;3614,85;E-COMMERCE
2026-02-01;2661;2845;469,84;TELEMARKETING
2026-02-01;1907;1778;935,34;TELEMARKETING
2026-02-01;1907;8888;260,22;E-COMMERCE
2026-02-01;2015;8888;10688,19;FORÇA DE VENDAS
2026-02-01;1308;1312;1355,47;TELEMARKETING
2026-02-01;358;8888;7442,92;FORÇA DE VENDAS
2026-02-01;1876;8888;3711,86;FORÇA DE VENDAS
2026-02-01;1876;977;505,44;TELEMARKETING
2026-02-01;2576;2571;1456,96;TELEMARKETING
2026-02-01;1381;213;2516,6;TELEMARKETING
2026-02-01;1381;8888;1574,35;E-COMMERCE
2026-02-01;2639;1953;4613,86;TELEMARKETING
2026-02-01;2249;2727;1982,79;TELEMARKETING
2026-02-01;2634;1953;75,52;TELEMARKETING
2026-02-01;363;3179;59,14;TELEMARKETING
2026-02-01;2604;8888;2965,6;FORÇA DE VENDAS
2026-02-01;1166;8888;128,96;E-COMMERCE
2026-02-01;2657;2853;6126,56;TELEMARKETING
2026-02-01;415;2845;248,29;TELEMARKETING
2026-02-01;2209;738;1323,53;TELEMARKETING
2026-02-01;463;315;24,92;TELEMARKETING
2026-02-01;2698;874;3971,28;TELEMARKETING
2026-02-01;2698;8888;7012,98;FORÇA DE VENDAS
2026-02-01;400;8888;11949,55;FORÇA DE VENDAS
2026-02-01;2676;8888;19,95;FORÇA DE VENDAS
2026-02-01;2655;2184;910,96;TELEMARKETING
2026-02-01;2298;8888;189,81;E-COMMERCE
2026-02-01;2085;1778;4564,58;TELEMARKETING
2026-02-01;2477;8888;13245,68;FORÇA DE VENDAS
2026-02-01;2190;8888;6001,21;FORÇA DE VENDAS
2026-02-01;2431;8888;1607,57;FORÇA DE VENDAS
2026-02-01;2457;1883;790,24;TELEMARKETING
2026-02-01;2538;1953;5635,07;TELEMARKETING
2026-02-01;2192;8888;684,48;FORÇA DE VENDAS
2026-02-01;2413;8888;447,7;E-COMMERCE
2026-02-01;1254;1960;16913,64;TELEMARKETING
2026-02-01;2439;8888;5824,71;FORÇA DE VENDAS
2026-02-01;2439;213;966,57;TELEMARKETING
2026-02-01;2069;8888;22559,8;FORÇA DE VENDAS
2026-02-01;2145;8888;37,8;FORÇA DE VENDAS
2026-02-01;2592;1778;134,87;TELEMARKETING
2026-02-01;2394;1778;1624,96;TELEMARKETING
2026-02-01;2648;8888;7614,05;FORÇA DE VENDAS
2026-02-01;1585;1762;1959,26;TELEMARKETING
2026-02-01;2631;8888;4498,52;FORÇA DE VENDAS
2026-02-01;2630;8888;572,13;E-COMMERCE
2026-02-01;2577;8888;77188,21;FORÇA DE VENDAS
2026-02-01;2094;8888;254,18;E-COMMERCE
2026-02-01;2178;8888;49844,43;FORÇA DE VENDAS
2026-02-01;1466;8888;32350,9;FORÇA DE VENDAS
2026-02-01;525;8888;4077,08;E-COMMERCE
2026-02-01;525;8888;5921,18;FORÇA DE VENDAS
2026-02-01;1996;2845;246,63;TELEMARKETING
2026-02-01;2537;8888;797,76;FORÇA DE VENDAS
2026-02-01;14;805;6154,12;TELEMARKETING
2026-02-01;1166;8888;33845,81;FORÇA DE VENDAS
2026-02-01;1166;2185;1471,3;TELEMARKETING
2026-02-01;1166;1884;2941,75;TELEMARKETING
2026-02-01;1871;8888;94,5;FORÇA DE VENDAS
2026-02-01;1632;423;1508,69;TELEMARKETING
2026-02-01;2216;1087;814,08;TELEMARKETING
2026-02-01;1539;1885;2577,12;TELEMARKETING
2026-02-01;2366;2220;3147,07;TELEMARKETING
2026-02-01;2258;8888;746,02;FORÇA DE VENDAS
2026-02-01;2653;8888;45,36;E-COMMERCE
2026-02-01;2690;8888;283,0;FORÇA DE VENDAS
2026-02-01;2607;1953;271,36;TELEMARKETING
2026-02-01;1344;8888;7835,23;FORÇA DE VENDAS
2026-02-01;2133;8888;47146,87;FORÇA DE VENDAS
2026-02-01;2628;8888;-4,56;FORÇA DE VENDAS
2026-02-01;477;8888;2760,51;FORÇA DE VENDAS
2026-02-01;949;998;65,62;TELEMARKETING
2026-02-01;2375;8888;18192,15;FORÇA DE VENDAS
2026-02-01;2651;8888;2683,88;FORÇA DE VENDAS
2026-02-01;2316;1960;8200,05;TELEMARKETING
2026-02-01;2085;8888;5859,38;FORÇA DE VENDAS
2026-02-01;2659;8888;-243,84;FORÇA DE VENDAS
2026-02-01;2064;8888;380,28;E-COMMERCE
2026-02-01;1308;8888;17667,33;FORÇA DE VENDAS
2026-02-01;131;8888;19290,06;FORÇA DE VENDAS
2026-02-01;2341;8888;59,4;E-COMMERCE
2026-02-01;535;8888;921,63;E-COMMERCE
2026-02-01;1890;2853;2505,6;TELEMARKETING
2026-02-01;2443;8888;3828,21;FORÇA DE VENDAS
2026-02-01;2461;8888;20214,98;FORÇA DE VENDAS
2026-02-01;2589;1960;549,04;TELEMARKETING
2026-02-01;2429;8888;2199,66;FORÇA DE VENDAS
2026-02-01;1020;8888;15270,65;FORÇA DE VENDAS
2026-02-01;1278;8888;1818,11;FORÇA DE VENDAS
2026-02-01;1327;8888;7463,54;FORÇA DE VENDAS
2026-02-01;2472;2853;3458,94;TELEMARKETING
2026-02-01;580;8888;3560,95;E-COMMERCE
2026-02-01;27;8888;9324,28;FORÇA DE VENDAS
2026-02-01;1984;2845;4050,48;TELEMARKETING
2026-02-01;2279;805;63,3;TELEMARKETING
2026-02-01;89;8888;4811,82;FORÇA DE VENDAS
2026-02-01;2049;8888;271,36;E-COMMERCE
2026-02-01;2107;8888;44737,93;FORÇA DE VENDAS
2026-02-01;40;8888;1446,75;FORÇA DE VENDAS
2026-02-01;2064;8888;4845,6;FORÇA DE VENDAS
2026-02-01;772;8888;49083,13;FORÇA DE VENDAS
2026-02-01;2082;2727;216,47;TELEMARKETING
2026-02-01;1137;8888;8447,38;E-COMMERCE
2026-02-01;2363;8888;757,75;E-COMMERCE
2026-02-01;1277;8888;28,96;E-COMMERCE
2026-02-01;1998;8888;358,14;FORÇA DE VENDAS
2026-02-01;1293;1281;2893,32;TELEMARKETING
2026-02-01;2568;8888;7471,37;FORÇA DE VENDAS
2026-02-01;1869;8888;821,73;E-COMMERCE
2026-02-01;452;8888;26520,85;FORÇA DE VENDAS
2026-02-01;1063;8888;11106,71;FORÇA DE VENDAS
2026-02-01;1956;672;4599,41;TELEMARKETING
2026-02-01;2490;1884;5040,98;TELEMARKETING
2026-02-01;2133;691;5196,25;TELEMARKETING
2026-02-01;1108;8888;154,79;E-COMMERCE
2026-02-01;1642;8888;1941,02;E-COMMERCE
2026-02-01;2651;8888;164,22;E-COMMERCE
2026-02-01;451;8888;313,3;E-COMMERCE
2026-02-01;1834;2476;37,8;TELEMARKETING
2026-02-01;1372;3009;426,0;TELEMARKETING
2026-02-01;2363;1533;981,69;TELEMARKETING
2026-02-01;953;58;179,56;TELEMARKETING
2026-02-01;2620;3179;244,2;TELEMARKETING
2026-02-01;703;8888;6614,39;E-COMMERCE
2026-02-01;1518;8888;20623,13;FORÇA DE VENDAS
2026-02-01;1518;1533;2594,76;TELEMARKETING
2026-02-01;2655;519;2461,74;TELEMARKETING
2026-02-01;2228;8888;204,56;E-COMMERCE
2026-02-01;1478;8888;462,78;FORÇA DE VENDAS
2026-02-01;2663;8888;3597,2;FORÇA DE VENDAS
2026-02-01;525;1087;3508,02;TELEMARKETING
2026-02-01;2656;423;1137,24;TELEMARKETING
2026-02-01;40;8888;1258,98;E-COMMERCE
2026-02-01;1007;8888;16847,39;FORÇA DE VENDAS
2026-02-01;483;841;288,4;TELEMARKETING
2026-02-01;2251;8888;4058,7;FORÇA DE VENDAS
2026-02-01;285;8888;1861,94;E-COMMERCE
2026-02-01;2109;8888;3250,15;FORÇA DE VENDAS
2026-02-01;2593;3179;618,89;TELEMARKETING
2026-02-01;20;8888;20468,1;FORÇA DE VENDAS
2026-02-01;2333;2494;80,4;TELEMARKETING
2026-02-01;1289;8888;8845,67;FORÇA DE VENDAS
2026-02-01;1869;8888;33367,78;FORÇA DE VENDAS
2026-02-01;535;422;1879,87;TELEMARKETING
2026-02-01;452;8888;1564,15;E-COMMERCE
2026-02-01;1450;1778;1810,41;TELEMARKETING
2026-02-01;1450;8888;29862,71;FORÇA DE VENDAS
2026-02-01;325;1214;295,26;TELEMARKETING
2026-02-01;2419;8888;297,32;E-COMMERCE
2026-02-01;2678;1312;5331,48;TELEMARKETING
2026-02-01;535;8888;8733,25;FORÇA DE VENDAS
2026-02-01;2490;8888;2790,58;FORÇA DE VENDAS
2026-02-01;2496;8888;49,8;E-COMMERCE
2026-02-01;2567;8888;6758,27;FORÇA DE VENDAS
2026-02-01;1834;2494;232,2;TELEMARKETING
2026-02-01;326;2991;4300,41;TELEMARKETING
2026-02-01;2684;8888;555,84;E-COMMERCE
2026-02-01;2684;1885;3886,12;TELEMARKETING
2026-02-01;2197;423;2466,98;TELEMARKETING
2026-02-01;559;3009;1372,08;TELEMARKETING
2026-02-01;559;8888;4374,74;FORÇA DE VENDAS
2026-02-01;945;8888;12940,56;PEDIDO ELETRÔNICO
2026-02-01;2432;8888;1626,7;FORÇA DE VENDAS
2026-02-01;2375;2183;5848,49;TELEMARKETING
2026-02-01;2388;8888;526,84;E-COMMERCE
2026-02-01;675;8888;449,19;E-COMMERCE
2026-02-01;2118;8888;358,38;E-COMMERCE
2026-02-01;363;1898;3167,87;TELEMARKETING
2026-02-01;1344;3009;544,8;TELEMARKETING
2026-02-01;1374;8888;22182,71;FORÇA DE VENDAS
2026-02-01;2613;1762;26326,56;TELEMARKETING
2026-02-01;2588;213;8136,88;TELEMARKETING
2026-02-01;1381;8888;17190,61;FORÇA DE VENDAS
2026-02-01;429;1312;536,21;TELEMARKETING
2026-02-01;818;519;2941,06;TELEMARKETING
2026-02-01;2019;8888;18330,92;FORÇA DE VENDAS
2026-02-01;1823;546;347,18;TELEMARKETING
2026-02-01;2276;2476;211,83;TELEMARKETING
2026-02-01;14;8888;282,15;E-COMMERCE
2026-02-01;2000;1953;6048,72;TELEMARKETING
2026-02-01;1117;8888;367,11;FORÇA DE VENDAS
2026-02-01;2245;8888;135,24;E-COMMERCE
2026-02-01;619;1139;61,51;TELEMARKETING
2026-02-01;619;8888;70,83;E-COMMERCE
2026-02-01;1277;2845;216,84;TELEMARKETING
2026-02-01;132;8888;38777,0;FORÇA DE VENDAS
2026-02-01;2087;8888;1574,64;E-COMMERCE
2026-02-01;89;8888;679,42;E-COMMERCE
2026-02-01;2388;2184;434,98;TELEMARKETING
2026-02-01;2684;8888;3956,7;FORÇA DE VENDAS
2026-02-01;949;1760;66,6;TELEMARKETING
2026-02-01;353;8888;2865,12;E-COMMERCE
2026-02-01;483;8888;446,42;E-COMMERCE
2026-02-01;1317;8888;61,64;E-COMMERCE
2026-02-01;2345;8888;1877,68;FORÇA DE VENDAS
2026-02-01;629;8888;2426,93;E-COMMERCE
2026-02-01;2687;8888;9727,82;FORÇA DE VENDAS
2026-02-01;2662;8888;44,7;E-COMMERCE
2026-02-01;2601;8888;13914,72;FORÇA DE VENDAS
2026-02-01;610;805;1257,99;TELEMARKETING
2026-02-01;1907;8888;94565,77;FORÇA DE VENDAS
2026-02-01;1907;1762;536,76;TELEMARKETING
2026-02-01;947;8888;5941,35;PEDIDO ELETRÔNICO
2026-02-01;358;8888;324,01;E-COMMERCE
2026-02-01;358;3179;7439,72;TELEMARKETING
2026-02-01;475;8888;12253,22;FORÇA DE VENDAS
2026-02-01;2359;874;4238,04;TELEMARKETING
2026-02-01;429;1954;6948,0;TELEMARKETING
2026-02-01;2178;2845;460,5;TELEMARKETING
2026-02-01;2019;977;668,27;TELEMARKETING
2026-02-01;1823;2220;1955,93;TELEMARKETING
2026-02-01;1203;8888;12780,3;FORÇA DE VENDAS
2026-02-01;1203;2845;656,71;TELEMARKETING
2026-02-01;2696;1954;9334,2;TELEMARKETING
2026-02-01;2405;8888;53,18;FORÇA DE VENDAS
2026-02-01;2647;8888;134,88;E-COMMERCE
2026-02-01;1277;8888;14539,64;FORÇA DE VENDAS
2026-02-01;1501;213;42,08;TELEMARKETING
2026-02-01;1642;1884;536,92;TELEMARKETING
2026-02-01;2686;8888;579,04;FORÇA DE VENDAS
2026-02-01;2686;1929;2231,62;TELEMARKETING
2026-02-01;2576;3179;402,31;TELEMARKETING
2026-02-01;2571;8888;1481,45;FORÇA DE VENDAS
2026-02-01;2571;1312;2011,48;TELEMARKETING
2026-02-01;415;691;93,42;TELEMARKETING
2026-02-01;711;3009;6675,12;TELEMARKETING
2026-02-01;2081;3009;252,72;TELEMARKETING
2026-02-01;2584;1929;997,62;TELEMARKETING
2026-02-01;2530;874;11447,74;TELEMARKETING
2026-02-01;2530;8888;7652,47;FORÇA DE VENDAS
2026-02-01;2685;1883;106,4;TELEMARKETING
2026-02-01;2685;2185;956,88;TELEMARKETING
2026-02-01;2655;2183;584,44;TELEMARKETING
2026-02-01;2442;8888;3704,56;FORÇA DE VENDAS
2026-02-01;1456;2727;-544,02;TELEMARKETING
2026-02-01;1324;8888;32812,62;FORÇA DE VENDAS
2026-02-01;1075;8888;33243,39;FORÇA DE VENDAS
2026-02-01;530;8888;-687,32;FORÇA DE VENDAS
2026-02-01;1642;8888;11928,25;FORÇA DE VENDAS
2026-02-01;727;2853;135,68;TELEMARKETING
2026-02-01;2588;691;3360,16;TELEMARKETING
2026-02-01;2330;1954;8594,31;TELEMARKETING
2026-02-01;2431;2845;354,96;TELEMARKETING
2026-02-01;2591;1953;3942,28;TELEMARKETING
2026-02-01;2452;8888;10416,02;FORÇA DE VENDAS
2026-02-01;1223;1883;21,78;TELEMARKETING
2026-02-01;781;8888;5011,46;FORÇA DE VENDAS
2026-02-01;1380;3009;1318,68;TELEMARKETING
2026-02-01;1108;874;3433,44;TELEMARKETING
2026-02-01;6;3009;252,72;TELEMARKETING
2026-02-01;1823;8888;4161,69;FORÇA DE VENDAS
2026-02-01;33;8888;51365,92;FORÇA DE VENDAS
2026-02-01;1117;1139;705,92;TELEMARKETING
2026-02-01;2491;1312;5782,97;TELEMARKETING
2026-02-01;619;8888;5250,02;FORÇA DE VENDAS
2026-02-01;1539;8888;1039,44;E-COMMERCE
2026-02-01;2494;8888;36,3;FORÇA DE VENDAS
2026-02-01;522;8888;10205,15;FORÇA DE VENDAS
2026-02-01;1277;213;408,6;TELEMARKETING
2026-02-01;132;691;685,63;TELEMARKETING
2026-02-01;1642;2184;3579,22;TELEMARKETING
2026-02-01;2133;213;270,48;TELEMARKETING
2026-02-01;2325;8888;1711,29;FORÇA DE VENDAS
2026-02-01;2582;8888;2376,28;FORÇA DE VENDAS
2026-02-01;2582;8888;126,36;E-COMMERCE
2026-02-01;2402;8888;11019,75;FORÇA DE VENDAS
2026-02-01;951;8888;10931,05;FORÇA DE VENDAS
2026-02-01;2633;1953;823,44;TELEMARKETING
2026-02-01;2690;1087;1936,09;TELEMARKETING
2026-02-01;2641;8888;92,46;FORÇA DE VENDAS
2026-02-01;2592;8888;3058,98;FORÇA DE VENDAS
2026-02-01;953;805;1123,68;TELEMARKETING
2026-02-01;636;2571;710,67;TELEMARKETING
2026-02-01;415;8888;25682,25;FORÇA DE VENDAS
2026-02-01;949;1778;-1418,64;TELEMARKETING
2026-02-01;1794;2853;271,36;TELEMARKETING
2026-02-01;1716;1312;1954,1;TELEMARKETING
2026-02-01;1716;8888;24,49;E-COMMERCE
2026-02-01;2472;8888;15,78;FORÇA DE VENDAS
2026-02-01;580;8888;9580,99;FORÇA DE VENDAS
2026-02-01;2218;8888;61,16;FORÇA DE VENDAS
2026-02-01;2064;1883;6914,5;TELEMARKETING
2026-02-01;89;13148;1211,76;TELEMARKETING
2026-02-01;1478;8888;57,95;E-COMMERCE
2026-02-01;2049;8888;10166,18;FORÇA DE VENDAS
2026-02-01;609;412;7364,71;TELEMARKETING
2026-02-01;1632;8888;6716,28;FORÇA DE VENDAS
2026-02-01;1465;3403;4461,25;TELEMARKETING
2026-02-01;2045;8888;4357,64;FORÇA DE VENDAS
2026-02-01;326;8888;3495,4;E-COMMERCE
2026-02-01;1998;691;941,29;TELEMARKETING
2026-02-01;2452;8888;23,39;E-COMMERCE
2026-02-01;2510;1778;648,23;TELEMARKETING
2026-02-01;636;8888;5290,9;FORÇA DE VENDAS
2026-02-01;1317;412;1328,07;TELEMARKETING
2026-02-01;429;1281;1864,6;TELEMARKETING
2026-02-01;2668;8888;249,5;E-COMMERCE
2026-02-01;58;8888;1591,44;FORÇA DE VENDAS
2026-02-01;325;8888;1197,47;E-COMMERCE
2026-02-01;2510;8888;16865,87;PEDIDO ELETRÔNICO
2026-02-01;1116;8888;1042,69;FORÇA DE VENDAS
2026-02-01;1116;13148;3027,06;TELEMARKETING
2026-02-01;1116;8888;196,36;E-COMMERCE
2026-02-01;2652;2183;3058,76;TELEMARKETING
2026-02-01;1289;8888;2012,3;E-COMMERCE
2026-02-01;475;977;10020,27;TELEMARKETING
2026-02-01;1271;423;65,79;TELEMARKETING
2026-02-01;1299;2523;10393,85;TELEMARKETING
2026-02-01;569;8888;392,99;E-COMMERCE
2026-02-01;2528;8888;2620,74;FORÇA DE VENDAS
2026-02-01;1372;8888;10320,84;FORÇA DE VENDAS
2026-02-01;1756;27;646,38;TELEMARKETING
2026-02-01;2211;8888;268,07;E-COMMERCE
2026-02-01;1466;1884;1550,8;TELEMARKETING
2026-02-01;1384;8888;47763,44;FORÇA DE VENDAS
2026-02-01;1956;8888;-1000,35;FORÇA DE VENDAS
2026-02-01;1304;213;660,1;TELEMARKETING
2026-02-01;2428;8888;6210,36;FORÇA DE VENDAS
2026-02-01;2435;8888;3621,6;FORÇA DE VENDAS
2026-02-01;2457;1884;510,96;TELEMARKETING
2026-02-01;2087;1884;1521,12;TELEMARKETING
2026-02-01;1537;8888;27,48;FORÇA DE VENDAS
2026-02-01;2287;1960;7986,69;TELEMARKETING
2026-02-01;1427;3009;7191,44;TELEMARKETING
2026-02-01;6;1533;2304,98;TELEMARKETING
2026-02-01;675;2571;1732,72;TELEMARKETING
2026-02-01;1984;738;910,96;TELEMARKETING
2026-02-01;2648;1087;703,3;TELEMARKETING
2026-02-01;716;891;30621,92;TELEMARKETING
2026-02-01;1585;8888;6066,17;FORÇA DE VENDAS
2026-02-01;703;8888;31757,66;FORÇA DE VENDAS
2026-02-01;2279;8888;3561,18;FORÇA DE VENDAS
2026-02-01;2279;1139;81,72;TELEMARKETING
2026-02-01;2516;8888;2170,88;FORÇA DE VENDAS
2026-02-01;2163;8888;9938,78;FORÇA DE VENDAS
2026-02-01;40;58;2034,43;TELEMARKETING
2026-02-01;483;8888;4209,88;FORÇA DE VENDAS
2026-02-01;1873;8888;8882,83;FORÇA DE VENDAS
2026-02-01;767;8888;1082,62;E-COMMERCE
2026-02-01;767;1087;648,4;TELEMARKETING
2026-02-01;285;805;970,39;TELEMARKETING
2026-02-01;1653;8888;1719,9;FORÇA DE VENDAS
2026-02-01;2668;2476;6,64;TELEMARKETING
2026-02-01;452;213;462,5;TELEMARKETING
2026-02-01;2245;8888;5289,58;FORÇA DE VENDAS
2026-02-01;2309;8888;4368,84;FORÇA DE VENDAS
2026-02-01;953;8888;21192,64;FORÇA DE VENDAS
2026-02-01;595;738;52,97;TELEMARKETING
2026-02-01;1937;8888;2260,62;FORÇA DE VENDAS
2026-02-01;2567;1762;4349,09;TELEMARKETING
2026-02-01;475;1929;271,36;TELEMARKETING
2026-02-01;854;8888;10394,88;FORÇA DE VENDAS
2026-02-01;1834;8888;103,6;FORÇA DE VENDAS
2026-02-01;663;8888;135,76;FORÇA DE VENDAS
2026-02-01;2107;1954;704,21;TELEMARKETING
2026-02-01;2211;8888;48312,31;FORÇA DE VENDAS
2026-02-01;477;8888;80,28;E-COMMERCE
2026-02-01;2199;8888;1653,5;E-COMMERCE
2026-02-01;2375;891;79,9;TELEMARKETING
2026-02-01;1255;892;3765,48;TELEMARKETING
2026-02-01;2388;1883;1296,04;TELEMARKETING
2026-02-01;2684;2185;647,76;TELEMARKETING
2026-02-01;675;3179;83,15;TELEMARKETING
2026-02-01;2477;519;5588,8;TELEMARKETING
2026-02-01;1340;2845;685,72;TELEMARKETING
2026-02-01;2687;1087;680,86;TELEMARKETING
2026-02-01;610;8888;10032,75;FORÇA DE VENDAS
2026-02-01;1293;8888;1449,27;FORÇA DE VENDAS
2026-02-01;2015;2571;4882,4;TELEMARKETING
2026-02-01;2015;8888;846,56;E-COMMERCE
2026-02-01;358;546;4511,36;TELEMARKETING
2026-02-01;1876;1929;15,98;TELEMARKETING
2026-02-01;2574;8888;111,6;FORÇA DE VENDAS
2026-02-01;2121;8888;21,9;E-COMMERCE
2026-02-01;2588;8888;24235,08;FORÇA DE VENDAS
2026-02-01;2507;8888;325,32;E-COMMERCE
2026-02-01;2359;8888;154,02;E-COMMERCE
2026-02-01;818;8888;1269,2;E-COMMERCE
2026-03-01;2574;8888;79,16;E-COMMERCE
2026-03-01;535;8888;708,26;E-COMMERCE
2026-03-01;818;8888;1644,28;E-COMMERCE
2026-03-01;1993;8888;226,07;FORÇA DE VENDAS
2026-03-01;2376;213;103132,19;TELEMARKETING
2026-03-01;2178;8888;17118,68;FORÇA DE VENDAS
2026-03-01;358;8888;12384,21;FORÇA DE VENDAS
2026-03-01;358;546;6024,16;TELEMARKETING
2026-03-01;14;8888;16067,02;FORÇA DE VENDAS
2026-03-01;1756;8888;245,55;E-COMMERCE
2026-03-01;353;8888;3595,86;E-COMMERCE
2026-03-01;1653;546;980,03;TELEMARKETING
2026-03-01;522;8888;109,31;E-COMMERCE
2026-03-01;2183;8888;5072,7;FORÇA DE VENDAS
2026-03-01;525;1087;4695,22;TELEMARKETING
2026-03-01;2279;8888;3243,6;FORÇA DE VENDAS
2026-03-01;1642;1899;386,88;TELEMARKETING
2026-03-01;2686;8888;4986,14;FORÇA DE VENDAS
2026-03-01;2660;423;3848,56;TELEMARKETING
2026-03-01;2571;1312;2894,62;TELEMARKETING
2026-03-01;2082;1762;5487,06;TELEMARKETING
2026-03-01;1293;601;120,91;TELEMARKETING
2026-03-01;2510;1762;11896,82;TELEMARKETING
2026-03-01;619;8888;5647,5;FORÇA DE VENDAS
2026-03-01;1317;8888;26,93;E-COMMERCE
2026-03-01;1585;8888;1734,04;FORÇA DE VENDAS
2026-03-01;531;8888;1956,07;E-COMMERCE
2026-03-01;2597;519;9117,28;TELEMARKETING
2026-03-01;2588;213;3087,0;TELEMARKETING
2026-03-01;2449;8888;6496,08;FORÇA DE VENDAS
2026-03-01;2530;8888;841,71;FORÇA DE VENDAS
2026-03-01;2655;2985;395,12;TELEMARKETING
2026-03-01;2607;1953;482,64;TELEMARKETING
2026-03-01;2689;8888;17,96;E-COMMERCE
2026-03-01;132;691;1314,18;TELEMARKETING
2026-03-01;2279;1139;45,69;TELEMARKETING
2026-03-01;1259;8888;636,9;FORÇA DE VENDAS
2026-03-01;634;8888;965,86;FORÇA DE VENDAS
2026-03-01;2660;8888;6161,37;FORÇA DE VENDAS
2026-03-01;2394;8888;3798,72;FORÇA DE VENDAS
2026-03-01;2392;8888;264,21;E-COMMERCE
2026-03-01;2069;8888;3531,7;FORÇA DE VENDAS
2026-03-01;2582;8888;997,32;E-COMMERCE
2026-03-01;1873;8888;10445,43;FORÇA DE VENDAS
2026-03-01;1873;519;104,13;TELEMARKETING
2026-03-01;1873;8888;3434,72;E-COMMERCE
2026-03-01;636;2571;490,12;TELEMARKETING
2026-03-01;2510;8888;56594,54;FORÇA DE VENDAS
2026-03-01;452;8888;3108,1;FORÇA DE VENDAS
2026-03-01;2261;8888;403,25;E-COMMERCE
2026-03-01;2333;8888;54,9;FORÇA DE VENDAS
2026-03-01;415;738;223,84;TELEMARKETING
2026-03-01;415;691;274,61;TELEMARKETING
2026-03-01;1876;8888;141,4;E-COMMERCE
2026-03-01;1876;423;2676,96;TELEMARKETING
2026-03-01;2709;3179;801,72;TELEMARKETING
2026-03-01;1278;8888;4242,62;FORÇA DE VENDAS
2026-03-01;2703;8888;1123,18;E-COMMERCE
2026-03-01;2496;8888;185,9;FORÇA DE VENDAS
2026-03-01;2081;738;1043,8;TELEMARKETING
2026-03-01;2211;874;5167,86;TELEMARKETING
2026-03-01;2089;1533;1094,65;TELEMARKETING
2026-03-01;463;1206;138,7;TELEMARKETING
2026-03-01;2019;1929;671,09;TELEMARKETING
2026-03-01;2680;8888;11003,26;FORÇA DE VENDAS
2026-03-01;2714;8888;1272,51;FORÇA DE VENDAS
2026-03-01;400;8888;5034,55;FORÇA DE VENDAS
2026-03-01;2428;8888;4706,95;FORÇA DE VENDAS
2026-03-01;1277;8888;617,4;E-COMMERCE
2026-03-01;2711;8888;13103,05;FORÇA DE VENDAS
2026-03-01;767;8888;14580,23;FORÇA DE VENDAS
2026-03-01;1642;8888;24837,02;FORÇA DE VENDAS
2026-03-01;2118;8888;102874,58;FORÇA DE VENDAS
2026-03-01;2491;1312;10163,73;TELEMARKETING
2026-03-01;531;691;4923,3;TELEMARKETING
2026-03-01;475;8888;-323,88;FORÇA DE VENDAS
2026-03-01;2635;1885;-39,92;TELEMARKETING
2026-03-01;483;841;-22,84;TELEMARKETING
2026-03-01;664;8888;6549,19;FORÇA DE VENDAS
2026-03-01;1304;213;1446,81;TELEMARKETING
2026-03-01;2461;8888;11172,18;FORÇA DE VENDAS
2026-03-01;1301;805;241,02;TELEMARKETING
2026-03-01;1840;1960;271,36;TELEMARKETING
2026-03-01;2569;8888;84,9;E-COMMERCE
2026-03-01;2064;8888;1906,72;E-COMMERCE
2026-03-01;2064;1883;2934,04;TELEMARKETING
2026-03-01;767;8888;2319,24;E-COMMERCE
2026-03-01;595;213;465,29;TELEMARKETING
2026-03-01;2652;1883;125,74;TELEMARKETING
2026-03-01;1518;738;617,4;TELEMARKETING
2026-03-01;438;8888;5218,44;FORÇA DE VENDAS
2026-03-01;2528;8888;4752,54;FORÇA DE VENDAS
2026-03-01;2363;8888;3438,48;FORÇA DE VENDAS
2026-03-01;2684;8888;1503,79;E-COMMERCE
2026-03-01;890;1533;6240,67;TELEMARKETING
2026-03-01;2687;1929;4762,52;TELEMARKETING
2026-03-01;949;998;96,21;TELEMARKETING
2026-03-01;949;1110;135,6;TELEMARKETING
2026-03-01;2685;2184;87,89;TELEMARKETING
2026-03-01;2601;1884;257,92;TELEMARKETING
2026-03-01;2655;2184;1471,56;TELEMARKETING
2026-03-01;2699;1883;27,39;TELEMARKETING
2026-03-01;2431;8888;1994,5;FORÇA DE VENDAS
2026-03-01;2580;1960;8262,55;TELEMARKETING
2026-03-01;610;8888;6875,33;E-COMMERCE
2026-03-01;2346;8888;680,57;FORÇA DE VENDAS
2026-03-01;2443;8888;6327,18;FORÇA DE VENDAS
2026-03-01;2440;8888;12394,29;FORÇA DE VENDAS
2026-03-01;1117;8888;1287,88;FORÇA DE VENDAS
2026-03-01;2663;8888;6148,94;FORÇA DE VENDAS
2026-03-01;2064;2184;-71,95;TELEMARKETING
2026-03-01;11;2549;15068,0;TELEMARKETING
2026-03-01;1846;8888;4434,33;FORÇA DE VENDAS
2026-03-01;1690;691;2175,36;TELEMARKETING
2026-03-01;2538;1953;4408,3;TELEMARKETING
2026-03-01;2045;8888;1297,12;E-COMMERCE
2026-03-01;2452;8888;9628,84;FORÇA DE VENDAS
2026-03-01;27;2845;19,83;TELEMARKETING
2026-03-01;1984;3009;2525,7;TELEMARKETING
2026-03-01;2663;1885;4752,92;TELEMARKETING
2026-03-01;2365;8888;91,4;FORÇA DE VENDAS
2026-03-01;2309;8888;1072,03;FORÇA DE VENDAS
2026-03-01;2678;1312;2724,01;TELEMARKETING
2026-03-01;2678;8888;8440,11;FORÇA DE VENDAS
2026-03-01;2114;8888;37479,9;FORÇA DE VENDAS
2026-03-01;2114;8888;153,92;E-COMMERCE
2026-03-01;1299;2523;15024,58;TELEMARKETING
2026-03-01;1299;27;2609,93;TELEMARKETING
2026-03-01;1137;8888;4881,43;E-COMMERCE
2026-03-01;2308;2220;910,31;TELEMARKETING
2026-03-01;477;58;960,37;TELEMARKETING
2026-03-01;1064;27;3257,91;TELEMARKETING
2026-03-01;2684;8888;2462,88;FORÇA DE VENDAS
2026-03-01;2457;8888;25,12;E-COMMERCE
2026-03-01;947;8888;8465,83;PEDIDO ELETRÔNICO
2026-03-01;2197;8888;10006,97;FORÇA DE VENDAS
2026-03-01;451;8888;8275,33;FORÇA DE VENDAS
2026-03-01;451;58;45,69;TELEMARKETING
2026-03-01;2588;8888;17656,56;FORÇA DE VENDAS
2026-03-01;2659;8888;171,54;E-COMMERCE
2026-03-01;131;27;25,03;TELEMARKETING
2026-03-01;2249;2727;4661,28;TELEMARKETING
2026-03-01;2015;8888;1654,25;E-COMMERCE
2026-03-01;2124;8888;6424,49;FORÇA DE VENDAS
2026-03-01;768;8888;23479,75;FORÇA DE VENDAS
2026-03-01;816;8888;28938,59;FORÇA DE VENDAS
2026-03-01;2452;8888;5,19;E-COMMERCE
2026-03-01;326;1196;14,0;TELEMARKETING
2026-03-01;2019;8888;987,1;E-COMMERCE
2026-03-01;1907;8888;127590,33;FORÇA DE VENDAS
2026-03-01;2696;8888;179,98;E-COMMERCE
2026-03-01;2251;3403;491,25;TELEMARKETING
2026-03-01;1166;1884;7671,36;TELEMARKETING
2026-03-01;2490;8888;19,92;E-COMMERCE
2026-03-01;2000;8888;17407,03;FORÇA DE VENDAS
2026-03-01;2375;2184;422,16;TELEMARKETING
2026-03-01;2245;8888;2342,17;FORÇA DE VENDAS
2026-03-01;1063;8888;15969,56;FORÇA DE VENDAS
2026-03-01;353;412;2316,26;TELEMARKETING
2026-03-01;424;13148;1300,15;TELEMARKETING
2026-03-01;360;546;9354,71;TELEMARKETING
2026-03-01;360;8888;1973,17;E-COMMERCE
2026-03-01;1108;874;1995,96;TELEMARKETING
2026-03-01;2409;8888;130,13;FORÇA DE VENDAS
2026-03-01;1372;8888;12804,27;FORÇA DE VENDAS
2026-03-01;2308;874;1394,47;TELEMARKETING
2026-03-01;477;8888;13055,42;FORÇA DE VENDAS
2026-03-01;1478;675;17,38;TELEMARKETING
2026-03-01;325;1214;132,78;TELEMARKETING
2026-03-01;675;1898;2128,72;TELEMARKETING
2026-03-01;351;8888;7911,54;FORÇA DE VENDAS
2026-03-01;1308;8888;21575,67;FORÇA DE VENDAS
2026-03-01;2606;8888;12803,26;FORÇA DE VENDAS
2026-03-01;451;3403;437,99;TELEMARKETING
2026-03-01;703;8888;314,26;E-COMMERCE
2026-03-01;2659;8888;2838,4;FORÇA DE VENDAS
2026-03-01;1381;8888;1398,94;E-COMMERCE
2026-03-01;2639;8888;878,56;FORÇA DE VENDAS
2026-03-01;2249;8888;30923,55;FORÇA DE VENDAS
2026-03-01;2049;1087;1259,68;TELEMARKETING
2026-03-01;1102;8888;737,61;FORÇA DE VENDAS
2026-03-01;949;1134;4,99;TELEMARKETING
2026-03-01;530;3403;2188,54;TELEMARKETING
2026-03-01;1937;8888;20,76;E-COMMERCE
2026-03-01;2276;2476;279,8;TELEMARKETING
2026-03-01;2199;8888;1868,08;FORÇA DE VENDAS
2026-03-01;1756;8888;12737,19;FORÇA DE VENDAS
2026-03-01;1756;27;2199,76;TELEMARKETING
2026-03-01;1116;13148;324,4;TELEMARKETING
2026-03-01;953;8888;33894,17;FORÇA DE VENDAS
2026-03-01;89;13148;450,53;TELEMARKETING
2026-03-01;2085;8888;27074,32;FORÇA DE VENDAS
2026-03-01;2330;1954;5920,42;TELEMARKETING
2026-03-01;363;1898;8159,33;TELEMARKETING
2026-03-01;1996;738;1173,05;TELEMARKETING
2026-03-01;443;691;129,98;TELEMARKETING
2026-03-01;2133;691;1594,15;TELEMARKETING
2026-03-01;1259;519;72,49;TELEMARKETING
2026-03-01;781;8888;5040,33;FORÇA DE VENDAS
2026-03-01;1466;519;128,96;TELEMARKETING
2026-03-01;2114;1312;6631,59;TELEMARKETING
2026-03-01;1834;8888;185,1;FORÇA DE VENDAS
2026-03-01;2635;8888;5790,81;FORÇA DE VENDAS
2026-03-01;2394;2727;6114,49;TELEMARKETING
2026-03-01;2708;8888;6138,01;FORÇA DE VENDAS
2026-03-01;2657;8888;14709,36;FORÇA DE VENDAS
2026-03-01;1117;8888;938,3;E-COMMERCE
2026-03-01;2199;3179;39,48;TELEMARKETING
2026-03-01;1539;2184;325,44;TELEMARKETING
2026-03-01;1499;8888;78,6;E-COMMERCE
2026-03-01;1871;2661;75,5;TELEMARKETING
2026-03-01;1384;691;680,22;TELEMARKETING
2026-03-01;1713;841;398,11;TELEMARKETING
2026-03-01;1713;3009;11,7;TELEMARKETING
2026-03-01;1278;1533;102,96;TELEMARKETING
2026-03-01;1278;738;78,96;TELEMARKETING
2026-03-01;2705;1762;2281,1;TELEMARKETING
2026-03-01;2375;1884;165,54;TELEMARKETING
2026-03-01;2651;8888;748,05;E-COMMERCE
2026-03-01;951;8888;6842,47;FORÇA DE VENDAS
2026-03-01;2366;8888;7003,42;FORÇA DE VENDAS
2026-03-01;2706;1960;181,1;TELEMARKETING
2026-03-01;1392;2752;307,04;TELEMARKETING
2026-03-01;2363;738;311,2;TELEMARKETING
2026-03-01;2613;8888;10933,06;FORÇA DE VENDAS
2026-03-01;2680;874;869,84;TELEMARKETING
2026-03-01;2405;8888;3918,47;FORÇA DE VENDAS
2026-03-01;14;805;4012,29;TELEMARKETING
2026-03-01;2000;1953;4474,04;TELEMARKETING
2026-03-01;1063;3403;991,11;TELEMARKETING
2026-03-01;1653;1281;14993,45;TELEMARKETING
2026-03-01;559;8888;3671,53;FORÇA DE VENDAS
2026-03-01;1653;8888;549,4;E-COMMERCE
2026-03-01;2698;8888;99,84;E-COMMERCE
2026-03-01;522;8888;10744,02;FORÇA DE VENDAS
2026-03-01;1501;8888;16362,47;FORÇA DE VENDAS
2026-03-01;1642;2185;1397,44;TELEMARKETING
2026-03-01;949;2661;9,98;TELEMARKETING
2026-03-01;2686;8888;248,24;E-COMMERCE
2026-03-01;2541;2494;18,9;TELEMARKETING
2026-03-01;2325;8888;5989,77;FORÇA DE VENDAS
2026-03-01;1632;8888;296,18;E-COMMERCE
2026-03-01;951;8888;2961,88;E-COMMERCE
2026-03-01;2015;3179;999,25;TELEMARKETING
2026-03-01;675;2571;1470,88;TELEMARKETING
2026-03-01;2576;8888;11540,98;FORÇA DE VENDAS
2026-03-01;2419;8888;2471,85;FORÇA DE VENDAS
2026-03-01;2045;1960;42887,23;TELEMARKETING
2026-03-01;2656;8888;229,08;FORÇA DE VENDAS
2026-03-01;2383;874;541,58;TELEMARKETING
2026-03-01;2197;423;135,68;TELEMARKETING
2026-03-01;2261;8888;827,4;FORÇA DE VENDAS
2026-03-01;559;8888;63,18;E-COMMERCE
2026-03-01;325;1196;26,56;TELEMARKETING
2026-03-01;2118;8888;2483,7;E-COMMERCE
2026-03-01;1137;2220;288,58;TELEMARKETING
2026-03-01;1823;2220;132,39;TELEMARKETING
2026-03-01;2402;2727;283,81;TELEMARKETING
2026-03-01;2697;1312;4841,75;TELEMARKETING
2026-03-01;1713;8888;1573,5;E-COMMERCE
2026-03-01;2211;8888;19154,24;FORÇA DE VENDAS
2026-03-01;2411;8888;58,48;E-COMMERCE
2026-03-01;772;8888;26721,98;FORÇA DE VENDAS
2026-03-01;463;2752;306,43;TELEMARKETING
2026-03-01;2709;8888;767,33;FORÇA DE VENDAS
2026-03-01;2706;8888;2222,27;FORÇA DE VENDAS
2026-03-01;522;213;271,92;TELEMARKETING
2026-03-01;2530;874;6718,28;TELEMARKETING
2026-03-01;2655;8888;13583,44;FORÇA DE VENDAS
2026-03-01;1658;8888;1154,91;FORÇA DE VENDAS
2026-03-01;2699;2185;43,56;TELEMARKETING
2026-03-01;2064;2985;128,96;TELEMARKETING
2026-03-01;2599;8888;12070,23;FORÇA DE VENDAS
2026-03-01;1890;1960;27495,04;TELEMARKETING
2026-03-01;1137;8888;27559,77;FORÇA DE VENDAS
2026-03-01;2705;8888;16608,68;FORÇA DE VENDAS
2026-03-01;2668;8888;-164,67;E-COMMERCE
2026-03-01;2707;8888;11368,6;FORÇA DE VENDAS
2026-03-01;1906;8888;2001,66;FORÇA DE VENDAS
2026-03-01;580;8888;4319,98;FORÇA DE VENDAS
2026-03-01;138;13148;105,66;TELEMARKETING
2026-03-01;2362;8888;7501,13;FORÇA DE VENDAS
2026-03-01;2209;738;4658,71;TELEMARKETING
2026-03-01;2109;2220;76,02;TELEMARKETING
2026-03-01;2568;1762;558,73;TELEMARKETING
2026-03-01;1254;8888;48237,89;FORÇA DE VENDAS
2026-03-01;2652;8888;768,27;FORÇA DE VENDAS
2026-03-01;2567;8888;1245,16;FORÇA DE VENDAS
2026-03-01;1142;8888;116479,73;FORÇA DE VENDAS
2026-03-01;1108;8888;123,38;E-COMMERCE
2026-03-01;2118;1954;5248,68;TELEMARKETING
2026-03-01;2697;8888;6535,32;FORÇA DE VENDAS
2026-03-01;1499;2185;92,34;TELEMARKETING
2026-03-01;952;1899;515,84;TELEMARKETING
2026-03-01;2190;8888;3888,62;FORÇA DE VENDAS
2026-03-01;2375;891;39,99;TELEMARKETING
2026-03-01;802;738;321,12;TELEMARKETING
2026-03-01;2089;8888;179,93;FORÇA DE VENDAS
2026-03-01;2588;691;4313,95;TELEMARKETING
2026-03-01;441;8888;42506,99;FORÇA DE VENDAS
2026-03-01;2706;1953;1614,72;TELEMARKETING
2026-03-01;2539;3009;3532,86;TELEMARKETING
2026-03-01;2258;8888;371,58;FORÇA DE VENDAS
2026-03-01;132;8888;50750,14;FORÇA DE VENDAS
2026-03-01;1518;8888;12393,02;FORÇA DE VENDAS
2026-03-01;629;8888;9560,05;FORÇA DE VENDAS
2026-03-01;2568;8888;2693,98;FORÇA DE VENDAS
2026-03-01;2448;8888;26964,81;FORÇA DE VENDAS
2026-03-01;2568;2727;4777,9;TELEMARKETING
2026-03-01;1478;8888;-3410,48;FORÇA DE VENDAS
2026-03-01;2648;1929;-1079,68;TELEMARKETING
2026-03-01;2537;8888;1849,13;FORÇA DE VENDAS
2026-03-01;663;8888;16147,75;FORÇA DE VENDAS
2026-03-01;1890;1953;9000,76;TELEMARKETING
2026-03-01;2457;2185;132,96;TELEMARKETING
2026-03-01;1223;8888;1300,2;FORÇA DE VENDAS
2026-03-01;2413;2727;2009,04;TELEMARKETING
2026-03-01;1327;8888;6196,22;FORÇA DE VENDAS
2026-03-01;2472;8888;3163,54;FORÇA DE VENDAS
2026-03-01;27;8888;4508,16;FORÇA DE VENDAS
2026-03-01;1984;738;3824,12;TELEMARKETING
2026-03-01;2218;8888;718,89;FORÇA DE VENDAS
2026-03-01;2537;519;142,53;TELEMARKETING
2026-03-01;2109;8888;2802,76;FORÇA DE VENDAS
2026-03-01;595;8888;501,68;FORÇA DE VENDAS
2026-03-01;1142;1762;4068,44;TELEMARKETING
2026-03-01;1108;1312;1154,14;TELEMARKETING
2026-03-01;1166;8888;912,32;E-COMMERCE
2026-03-01;326;8888;3121,7;E-COMMERCE
2026-03-01;2308;8888;8018,09;FORÇA DE VENDAS
2026-03-01;2087;8888;3399,6;E-COMMERCE
2026-03-01;89;8888;1054,63;E-COMMERCE
2026-03-01;2388;8888;2244,62;E-COMMERCE
2026-03-01;2388;892;351,84;TELEMARKETING
2026-03-01;2375;8888;916,63;E-COMMERCE
2026-03-01;1344;738;527,84;TELEMARKETING
2026-03-01;1374;8888;26626,76;FORÇA DE VENDAS
2026-03-01;1340;8888;7179,98;FORÇA DE VENDAS
2026-03-01;2687;1087;4177,56;TELEMARKETING
2026-03-01;2601;1883;4989,3;TELEMARKETING
2026-03-01;1876;1929;61,64;TELEMARKETING
2026-03-01;1075;8888;38174,66;FORÇA DE VENDAS
2026-03-01;1996;8888;40694,22;FORÇA DE VENDAS
2026-03-01;2359;8888;1090,59;E-COMMERCE
2026-03-01;424;8888;975,04;E-COMMERCE
2026-03-01;429;1281;1452,44;TELEMARKETING
2026-03-01;429;422;268,53;TELEMARKETING
2026-03-01;326;1214;18,28;TELEMARKETING
2026-03-01;1823;8888;3824,79;E-COMMERCE
2026-03-01;40;8888;3870,89;FORÇA DE VENDAS
2026-03-01;1203;8888;743,46;E-COMMERCE
2026-03-01;33;8888;20549,4;FORÇA DE VENDAS
2026-03-01;2251;8888;6565,96;FORÇA DE VENDAS
2026-03-01;2461;8888;126,89;E-COMMERCE
2026-03-01;2045;412;678,4;TELEMARKETING
2026-03-01;2045;2853;1513,98;TELEMARKETING
2026-03-01;2711;1960;2078,51;TELEMARKETING
2026-03-01;2087;8888;1185,36;FORÇA DE VENDAS
2026-03-01;2362;3009;337,03;TELEMARKETING
2026-03-01;6;1533;12396,6;TELEMARKETING
2026-03-01;1254;1960;13948,64;TELEMARKETING
2026-03-01;2309;8888;157,8;E-COMMERCE
2026-03-01;595;691;722,7;TELEMARKETING
2026-03-01;2490;8888;531,84;FORÇA DE VENDAS
2026-03-01;1518;1533;2864,17;TELEMARKETING
2026-03-01;1289;8888;13706,72;FORÇA DE VENDAS
2026-03-01;1289;1929;271,36;TELEMARKETING
2026-03-01;2567;8888;12,51;E-COMMERCE
2026-03-01;1642;8888;580,76;E-COMMERCE
2026-03-01;477;805;580,58;TELEMARKETING
2026-03-01;325;8888;869,98;E-COMMERCE
2026-03-01;2388;1899;2878,83;TELEMARKETING
2026-03-01;1255;8888;1141,13;E-COMMERCE
2026-03-01;2684;1885;265,92;TELEMARKETING
2026-03-01;675;8888;2900,41;FORÇA DE VENDAS
2026-03-01;1344;8888;11759,43;FORÇA DE VENDAS
2026-03-01;351;3009;3213,13;TELEMARKETING
2026-03-01;2662;2985;54,78;TELEMARKETING
2026-03-01;952;8888;5,17;E-COMMERCE
2026-03-01;2606;2727;3584,93;TELEMARKETING
2026-03-01;2510;8888;21881,25;PEDIDO ELETRÔNICO
2026-03-01;571;8888;15521,18;FORÇA DE VENDAS
2026-03-01;1876;1960;272,62;TELEMARKETING
2026-03-01;483;8888;7680,26;FORÇA DE VENDAS
2026-03-01;2507;8888;10973,72;FORÇA DE VENDAS
2026-03-01;2359;8888;13857,77;FORÇA DE VENDAS
2026-03-01;2421;3009;559,98;TELEMARKETING
2026-03-01;890;738;680,48;TELEMARKETING
2026-03-01;2049;8888;1053,31;E-COMMERCE
2026-03-01;2430;8888;2929,45;FORÇA DE VENDAS
2026-03-01;326;38;18,9;TELEMARKETING
2026-03-01;2019;977;3544,14;TELEMARKETING
2026-03-01;1937;8888;8915,11;FORÇA DE VENDAS
2026-03-01;2251;8888;1771,69;E-COMMERCE
2026-03-01;2250;27;675,53;TELEMARKETING
2026-03-01;2276;8888;89,0;FORÇA DE VENDAS
2026-03-01;285;8888;7053,66;FORÇA DE VENDAS
2026-03-01;2375;8888;19351,13;FORÇA DE VENDAS
2026-03-01;1653;2220;721,53;TELEMARKETING
2026-03-01;945;8888;14847,51;PEDIDO ELETRÔNICO
2026-03-01;525;8888;20240,46;FORÇA DE VENDAS
2026-03-01;58;8888;3285,38;FORÇA DE VENDAS
2026-03-01;2419;8888;19,67;E-COMMERCE
2026-03-01;2690;8888;4660,4;FORÇA DE VENDAS
2026-03-01;1642;2184;1973,44;TELEMARKETING
2026-03-01;443;1533;367,84;TELEMARKETING
2026-03-01;1869;8888;18360,71;FORÇA DE VENDAS
2026-03-01;1289;1087;38,18;TELEMARKETING
2026-03-01;2325;1762;2536,09;TELEMARKETING
2026-03-01;1632;423;2352,33;TELEMARKETING
2026-03-01;2576;1898;29,27;TELEMARKETING
2026-03-01;634;8888;2576,47;E-COMMERCE
2026-03-01;2419;691;3892,2;TELEMARKETING
2026-03-01;818;1884;264,96;TELEMARKETING
2026-03-01;2392;8888;11591,97;FORÇA DE VENDAS
2026-03-01;2383;8888;21761,75;FORÇA DE VENDAS
2026-03-01;629;8888;378,51;E-COMMERCE
2026-03-01;20;8888;28956,75;FORÇA DE VENDAS
2026-03-01;2659;1899;2063,36;TELEMARKETING
2026-03-01;1381;8888;20892,03;FORÇA DE VENDAS
2026-03-01;1381;213;140,8;TELEMARKETING
2026-03-01;818;519;5288,67;TELEMARKETING
2026-03-01;818;8888;43783,2;FORÇA DE VENDAS
2026-03-01;2124;8888;2502,0;E-COMMERCE
2026-03-01;326;14;456,5;TELEMARKETING
2026-03-01;2019;8888;8511,84;FORÇA DE VENDAS
2026-03-01;1907;2727;1909,0;TELEMARKETING
2026-03-01;1907;1762;161,55;TELEMARKETING
2026-03-01;40;58;309,56;TELEMARKETING
2026-03-01;2696;8888;91144,34;FORÇA DE VENDAS
2026-03-01;2250;8888;855,18;E-COMMERCE
2026-03-01;2199;1898;690,13;TELEMARKETING
2026-03-01;443;8888;2485,68;FORÇA DE VENDAS
2026-03-01;2245;8888;135,96;E-COMMERCE
2026-03-01;1653;8888;3501,52;FORÇA DE VENDAS
2026-03-01;89;8888;7522,87;FORÇA DE VENDAS
2026-03-01;2698;874;11785,94;TELEMARKETING
2026-03-01;609;412;1286,21;TELEMARKETING
2026-03-01;2690;8888;39,83;E-COMMERCE
2026-03-01;949;2991;70501,6;TELEMARKETING
2026-03-01;1993;8888;763,64;E-COMMERCE
2026-03-01;2026;1960;327,11;TELEMARKETING
2026-03-01;1632;8888;8123,71;FORÇA DE VENDAS
2026-03-01;953;58;71,01;TELEMARKETING
2026-03-01;1203;27;331,47;TELEMARKETING
2026-03-01;2045;0;6480,66;TELEMARKETING
2026-03-01;818;1885;914,36;TELEMARKETING
2026-03-01;2223;2476;244,6;TELEMARKETING
2026-03-01;2223;8888;19,96;E-COMMERCE
2026-03-01;2223;8888;189,7;FORÇA DE VENDAS
2026-03-01;2707;1960;23166,89;TELEMARKETING
2026-03-01;2708;1929;127,43;TELEMARKETING
2026-03-01;2392;1762;4425,16;TELEMARKETING
2026-03-01;629;675;119,55;TELEMARKETING
2026-03-01;1166;2185;140,72;TELEMARKETING
2026-03-01;452;213;2619,4;TELEMARKETING
2026-03-01;2107;1954;668,14;TELEMARKETING
2026-03-01;1956;8888;78,9;E-COMMERCE
2026-03-01;363;2220;432,61;TELEMARKETING
2026-03-01;2333;2494;59,4;TELEMARKETING
2026-03-01;1255;892;7440,0;TELEMARKETING
2026-03-01;415;8888;10789,72;FORÇA DE VENDAS
2026-03-01;1539;8888;15850,27;FORÇA DE VENDAS
2026-03-01;2433;8888;3781,14;FORÇA DE VENDAS
2026-03-01;2463;1139;36110,1;TELEMARKETING
2026-03-01;711;3009;14909,96;TELEMARKETING
2026-03-01;2651;58;385,92;TELEMARKETING
2026-03-01;802;8888;6995,24;FORÇA DE VENDAS
2026-03-01;802;1533;155,04;TELEMARKETING
2026-03-01;772;2845;876,94;TELEMARKETING
2026-03-01;2449;3009;540,92;TELEMARKETING
2026-03-01;2631;2853;943,68;TELEMARKETING
2026-03-01;2633;1953;4498,84;TELEMARKETING
2026-03-01;2655;1883;103,44;TELEMARKETING
2026-03-01;2699;8888;53,9;FORÇA DE VENDAS
2026-03-01;89;3403;-62,7;TELEMARKETING
2026-03-01;1203;8888;3679,47;FORÇA DE VENDAS
2026-03-01;2133;8888;119417,94;FORÇA DE VENDAS
2026-03-01;2107;8888;48229,78;FORÇA DE VENDAS
2026-03-01;2685;8888;446,36;FORÇA DE VENDAS
2026-03-01;1465;8888;19932,76;FORÇA DE VENDAS
2026-03-01;460;8888;4474,86;FORÇA DE VENDAS
2026-03-01;1020;8888;10873,52;FORÇA DE VENDAS
2026-03-01;2199;8888;650,61;E-COMMERCE
2026-03-01;285;805;2410,63;TELEMARKETING
2026-03-01;285;8888;605,13;E-COMMERCE
2026-03-01;1539;1885;3073,44;TELEMARKETING
2026-03-01;2494;1885;773,76;TELEMARKETING
2026-03-01;1116;8888;1797,97;FORÇA DE VENDAS
2026-03-01;1137;422;6769,18;TELEMARKETING
2026-03-01;2673;2185;37,18;TELEMARKETING
2026-03-01;2698;8888;14642,36;FORÇA DE VENDAS
2026-03-01;1277;8888;11381,58;FORÇA DE VENDAS
2026-03-01;2185;8888;9384,33;FORÇA DE VENDAS
2026-03-01;2185;874;16907,53;TELEMARKETING
2026-03-01;2330;8888;4738,99;FORÇA DE VENDAS
2026-03-01;363;8888;5963,85;FORÇA DE VENDAS
2026-03-01;1642;1884;53,06;TELEMARKETING
2026-03-01;1642;2985;790,24;TELEMARKETING
2026-03-01;1308;1312;4643,86;TELEMARKETING
2026-03-01;2604;8888;9359,44;FORÇA DE VENDAS
2026-03-01;1324;8888;11356,49;FORÇA DE VENDAS
2026-03-01;2576;2571;2741,02;TELEMARKETING
2026-03-01;2660;8888;832,42;E-COMMERCE
2026-03-01;2223;2494;245,8;TELEMARKETING
2026-03-01;1142;8888;268,0;E-COMMERCE
2026-03-01;358;422;402,88;TELEMARKETING
2026-03-01;2657;2853;10934,84;TELEMARKETING
2026-03-01;1117;1139;842,12;TELEMARKETING
2026-03-01;1166;8888;38289,81;FORÇA DE VENDAS
2026-03-01;619;1139;78,26;TELEMARKETING
2026-03-01;1585;1762;4331,08;TELEMARKETING
2026-03-01;2402;8888;18808,4;FORÇA DE VENDAS
2026-03-01;2516;8888;271,36;FORÇA DE VENDAS
2026-03-01;1937;675;233,4;TELEMARKETING
2026-03-01;2703;2185;43,78;TELEMARKETING
2026-03-01;2544;8888;65,34;FORÇA DE VENDAS
2026-03-01;441;691;271,92;TELEMARKETING
2026-03-01;2650;2185;32,67;TELEMARKETING
2026-03-01;374;8888;17,4;E-COMMERCE
2026-03-01;2665;8888;2589,78;FORÇA DE VENDAS
2026-03-01;2655;2183;629,2;TELEMARKETING
2026-03-01;1277;213;131,96;TELEMARKETING
2026-03-01;2694;2184;18,59;TELEMARKETING
2026-03-01;2287;1960;-232,0;TELEMARKETING
2026-03-01;424;8888;530,89;FORÇA DE VENDAS
2026-03-01;2064;8888;4082,66;FORÇA DE VENDAS
2026-03-01;2538;8888;516,24;E-COMMERCE
2026-03-01;2545;8888;1530,96;FORÇA DE VENDAS
2026-03-01;2087;1883;1185,36;TELEMARKETING
2026-03-01;2472;2853;9303,54;TELEMARKETING
2026-03-01;1427;3009;2890,7;TELEMARKETING
2026-03-01;6;691;4422,6;TELEMARKETING
2026-03-01;1456;8888;44930,27;FORÇA DE VENDAS
2026-03-01;2109;8888;38,0;E-COMMERCE
2026-03-01;2309;2220;2045,36;TELEMARKETING
2026-03-01;1108;1954;1041,71;TELEMARKETING
2026-03-01;1299;2522;4486,18;TELEMARKETING
2026-03-01;1340;805;605,4;TELEMARKETING
2026-03-01;2687;8888;7312,32;FORÇA DE VENDAS
2026-03-01;1293;1281;1396,1;TELEMARKETING
2026-03-01;1293;8888;4515,98;FORÇA DE VENDAS
2026-03-01;1293;8888;1376,19;E-COMMERCE
2026-03-01;451;8888;643,23;E-COMMERCE
2026-03-01;535;422;1923,57;TELEMARKETING
2026-03-01;535;8888;3970,47;FORÇA DE VENDAS
2026-03-01;1259;8888;568,12;E-COMMERCE
2026-03-01;664;8888;82,85;E-COMMERCE
2026-03-01;1466;8888;10077,24;FORÇA DE VENDAS
2026-03-01;2576;3179;1987,71;TELEMARKETING
2026-03-01;2571;8888;2944,75;FORÇA DE VENDAS
2026-03-01;2602;8888;470,72;E-COMMERCE
2026-03-01;2602;8888;1093,83;FORÇA DE VENDAS
2026-03-01;2082;8888;11564,85;FORÇA DE VENDAS
2026-03-01;636;8888;30629,25;FORÇA DE VENDAS
2026-03-01;58;675;65,56;TELEMARKETING
2026-03-01;711;8888;1041,69;E-COMMERCE
2026-03-01;2463;8888;3753,44;E-COMMERCE
2026-03-01;1853;8888;10932,86;FORÇA DE VENDAS
2026-03-01;951;738;572,02;TELEMARKETING
2026-03-01;2366;8888;229,99;E-COMMERCE
2026-03-01;2366;2220;320,29;TELEMARKETING
2026-03-01;438;738;679,8;TELEMARKETING
2026-03-01;2685;1883;128,96;TELEMARKETING
2026-03-01;2634;1953;443,86;TELEMARKETING
2026-03-01;2601;8888;17115,12;FORÇA DE VENDAS
2026-03-01;2655;519;1132,2;TELEMARKETING
2026-03-01;854;8888;8980,61;FORÇA DE VENDAS
2026-03-01;2442;8888;3670,13;FORÇA DE VENDAS
2026-03-01;2094;874;-432,67;TELEMARKETING
2026-03-01;2592;8888;-390,17;FORÇA DE VENDAS
2026-03-01;2567;1762;3866,54;TELEMARKETING
2026-03-01;781;805;2612,39;TELEMARKETING
2026-03-01;530;8888;-872,94;FORÇA DE VENDAS
2026-03-01;1450;8888;11226,95;FORÇA DE VENDAS
2026-03-01;1846;672;1386,33;TELEMARKETING
2026-03-01;580;8888;1450,44;E-COMMERCE
2026-03-01;783;8888;5104,89;FORÇA DE VENDAS
2026-03-01;2429;8888;7769,06;FORÇA DE VENDAS
2026-03-01;2087;519;353,28;TELEMARKETING
2026-03-01;450;1929;556,32;TELEMARKETING
2026-03-01;1427;841;75,09;TELEMARKETING
2026-03-01;27;8888;56,42;E-COMMERCE
2026-03-01;716;8888;141,97;E-COMMERCE
2026-03-01;2656;672;5435,81;TELEMARKETING
2026-03-01;1007;8888;16582,76;FORÇA DE VENDAS
2026-03-01;2568;8888;839,51;E-COMMERCE
2026-03-01;2490;1884;4268,44;TELEMARKETING
2026-03-01;1956;672;3363,68;TELEMARKETING
2026-03-01;1499;8888;153,09;FORÇA DE VENDAS
2026-03-01;2528;672;1608,0;TELEMARKETING
2026-03-01;2684;2185;531,84;TELEMARKETING
2026-03-01;1317;8888;17372,0;FORÇA DE VENDAS
2026-03-01;351;738;263,96;TELEMARKETING
2026-03-01;2457;1899;25,12;TELEMARKETING
2026-03-01;2661;738;135,96;TELEMARKETING
2026-03-01;1876;977;5590,58;TELEMARKETING
2026-03-01;1876;8888;2985,58;FORÇA DE VENDAS
2026-03-01;703;3009;48,3;TELEMARKETING
2026-03-01;131;8888;6165,95;FORÇA DE VENDAS
2026-03-01;1384;8888;67998,65;FORÇA DE VENDAS
2026-03-01;2015;2571;8874,77;TELEMARKETING
2026-03-01;2421;8888;2476,13;FORÇA DE VENDAS
2026-03-01;2049;8888;9568,0;FORÇA DE VENDAS
2026-03-01;816;3009;493,38;TELEMARKETING
2026-03-01;132;8888;332,27;E-COMMERCE
2026-03-01;2439;213;93,03;TELEMARKETING
2026-03-01;949;1762;3862,2;TELEMARKETING
2026-03-01;1823;8888;6386,48;FORÇA DE VENDAS
2026-03-01;2696;1954;7012,93;TELEMARKETING
2026-03-01;2457;1883;633,93;TELEMARKETING
2026-03-01;2081;8888;8465,64;FORÇA DE VENDAS
2026-03-01;2163;8888;6309,23;FORÇA DE VENDAS
2026-03-01;2711;1953;3465,21;TELEMARKETING
2026-03-01;1064;8888;10806,35;FORÇA DE VENDAS
2026-03-01;2435;8888;1436,82;FORÇA DE VENDAS
2026-03-01;360;8888;13272,39;FORÇA DE VENDAS
2026-03-01;2690;1087;4647,17;TELEMARKETING
2026-03-01;1846;423;678,4;TELEMARKETING
2026-03-01;1890;2853;2898,16;TELEMARKETING
2026-03-01;2495;8888;3772,86;FORÇA DE VENDAS
2026-03-01;2413;8888;2540,43;E-COMMERCE
2026-03-01;2439;8888;2697,53;FORÇA DE VENDAS
2026-03-01;2577;8888;18825,12;FORÇA DE VENDAS
2026-03-01;952;8888;6004,77;FORÇA DE VENDAS
2026-03-01;1956;8888;3502,6;FORÇA DE VENDAS
2026-03-01;1465;3403;700,34;TELEMARKETING
2026-03-01;1465;8888;925,92;E-COMMERCE
2026-03-01;2114;1954;4512,38;TELEMARKETING
2026-03-01;104;8888;36407,41;FORÇA DE VENDAS
2026-03-01;2409;8888;87,6;E-COMMERCE
2026-03-01;2308;8888;230,13;E-COMMERCE
2026-03-01;2308;422;835,32;TELEMARKETING
2026-03-01;477;8888;85,16;E-COMMERCE
2026-03-01;2363;8888;1817,96;E-COMMERCE
2026-03-01;2432;8888;1668,39;FORÇA DE VENDAS
2026-03-01;2684;519;2722,4;TELEMARKETING
2026-03-01;1255;8888;1441,68;FORÇA DE VENDAS
2026-03-01;2684;1883;33,4;TELEMARKETING
2026-03-01;1317;412;473,04;TELEMARKETING
2026-03-01;890;8888;58354,07;FORÇA DE VENDAS
2026-03-01;2341;8888;214,2;FORÇA DE VENDAS
2026-03-01;341;58;740,41;TELEMARKETING
2026-03-01;949;2176;24,0;TELEMARKETING
2026-03-01;1450;8888;2939,59;E-COMMERCE
2026-03-01;1450;1762;470,69;TELEMARKETING
2026-03-01;2121;8888;121,48;E-COMMERCE
2026-03-01;1075;8888;2321,98;E-COMMERCE
2026-03-01;452;8888;822,17;E-COMMERCE
2026-03-01;2507;874;1874,03;TELEMARKETING
2026-03-01;703;8888;34536,21;FORÇA DE VENDAS
2026-03-01;2359;874;7743,74;TELEMARKETING
2026-03-01;131;8888;63,18;E-COMMERCE
2026-03-01;2639;1953;5960,72;TELEMARKETING
2026-03-01;429;8888;42784,68;FORÇA DE VENDAS
2026-03-01;2015;8888;15914,93;FORÇA DE VENDAS
2026-03-01;890;691;563,76;TELEMARKETING
2026-03-01;2178;738;2085,21;TELEMARKETING
2026-03-01;610;8888;15950,3;FORÇA DE VENDAS
2026-03-01;1907;8888;288,18;E-COMMERCE
2026-03-01;358;3179;5637,92;TELEMARKETING
2026-03-01;2250;8888;11675,01;FORÇA DE VENDAS
2026-03-01;1063;8888;97,98;E-COMMERCE
2026-03-01;353;8888;11301,69;FORÇA DE VENDAS
2026-03-01;351;8888;407,88;E-COMMERCE
2026-03-01;1653;422;1154,14;TELEMARKETING
2026-03-01;89;805;523,18;TELEMARKETING
2026-03-01;1384;8888;79,21;E-COMMERCE
2026-03-01;2673;8888;18,9;E-COMMERCE
2026-03-01;525;8888;2264,05;E-COMMERCE
2026-03-01;609;8888;31146,75;FORÇA DE VENDAS
2026-03-01;609;8888;2010,52;E-COMMERCE
2026-03-01;326;841;75,09;TELEMARKETING
2026-03-01;2690;1929;2035,2;TELEMARKETING
2026-04-01;816;2103;1579,2;TELEMARKETING
2026-04-01;33;3394;1134,51;TELEMARKETING
2026-04-01;2576;1954;3195,81;TELEMARKETING
2026-04-01;2696;3411;3776,25;TELEMARKETING
2026-04-01;2223;8888;524,35;FORÇA DE VENDAS
2026-04-01;1142;8888;271,39;E-COMMERCE
2026-04-01;947;8888;653,06;PEDIDO ELETRÔNICO
2026-04-01;2197;8888;4708,7;FORÇA DE VENDAS
2026-04-01;452;213;799,84;TELEMARKETING
2026-04-01;452;2845;2552,0;TELEMARKETING
2026-04-01;1585;1778;1644,07;TELEMARKETING
2026-04-01;1632;423;10593,16;TELEMARKETING
2026-04-01;1993;2067;264,62;TELEMARKETING
2026-04-01;1823;422;96,32;TELEMARKETING
2026-04-01;285;8888;9034,53;FORÇA DE VENDAS
2026-04-01;2251;2059;18089,4;TELEMARKETING
2026-04-01;2190;691;2716,83;TELEMARKETING
2026-04-01;609;3179;1638,24;TELEMARKETING
2026-04-01;2580;3179;2060,16;TELEMARKETING
2026-04-01;1064;27;1028,46;TELEMARKETING
2026-04-01;663;8888;7296,6;FORÇA DE VENDAS
2026-04-01;629;8888;2757,65;E-COMMERCE
2026-04-01;1937;8888;35121,94;FORÇA DE VENDAS
2026-04-01;531;8888;239,58;E-COMMERCE
2026-04-01;2279;8888;5254,72;FORÇA DE VENDAS
2026-04-01;1117;8888;951,69;E-COMMERCE
2026-04-01;2250;8888;24132,8;FORÇA DE VENDAS
2026-04-01;1203;8888;880,5;E-COMMERCE
2026-04-01;2250;27;1572,48;TELEMARKETING
2026-04-01;1465;8888;374,24;E-COMMERCE
2026-04-01;619;8888;3239,68;FORÇA DE VENDAS
2026-04-01;2081;8888;18556,33;FORÇA DE VENDAS
2026-04-01;2081;738;1384,72;TELEMARKETING
2026-04-01;1853;2062;799,84;TELEMARKETING
2026-04-01;2568;1762;542,78;TELEMARKETING
2026-04-01;802;738;1207,35;TELEMARKETING
2026-04-01;2366;8888;278,7;E-COMMERCE
2026-04-01;363;8888;5275,11;FORÇA DE VENDAS
2026-04-01;941;1832;407,04;TELEMARKETING
2026-04-01;772;8888;80937,21;FORÇA DE VENDAS
2026-04-01;2178;8888;681,2;E-COMMERCE
2026-04-01;353;3411;1020,48;TELEMARKETING
2026-04-01;463;2591;17443,93;TELEMARKETING
2026-04-01;351;3009;2312,66;TELEMARKETING
2026-04-01;1499;8888;123,6;FORÇA DE VENDAS
2026-04-01;2363;738;1280,12;TELEMARKETING
2026-04-01;2613;8888;10179,0;FORÇA DE VENDAS
2026-04-01;2131;8888;292,2;FORÇA DE VENDAS
2026-04-01;2657;2983;4591,6;TELEMARKETING
2026-04-01;2660;3414;2139,4;TELEMARKETING
2026-04-01;2383;874;696,23;TELEMARKETING
2026-04-01;2574;2661;32,97;TELEMARKETING
2026-04-01;2685;2185;242,36;TELEMARKETING
2026-04-01;2258;8888;548,1;FORÇA DE VENDAS
2026-04-01;2405;8888;154,82;E-COMMERCE
2026-04-01;1499;8888;185,4;E-COMMERCE
2026-04-01;2674;2985;88,44;TELEMARKETING
2026-04-01;2362;3009;177,68;TELEMARKETING
2026-04-01;2651;8888;1313,57;FORÇA DE VENDAS
2026-04-01;1890;1960;7080,18;TELEMARKETING
2026-04-01;443;691;259,96;TELEMARKETING
2026-04-01;1873;8888;7794,7;FORÇA DE VENDAS
2026-04-01;2045;8888;846,04;E-COMMERCE
2026-04-01;1873;519;188,88;TELEMARKETING
2026-04-01;104;3394;2120,58;TELEMARKETING
2026-04-01;1344;2103;827,52;TELEMARKETING
2026-04-01;2431;8888;2526,14;FORÇA DE VENDAS
2026-04-01;2375;2062;3799,24;TELEMARKETING
2026-04-01;1340;2103;2531,79;TELEMARKETING
2026-04-01;1324;8888;3883,61;E-COMMERCE
2026-04-01;2657;8888;345,36;E-COMMERCE
2026-04-01;2660;8888;534,18;FORÇA DE VENDAS
2026-04-01;2588;8888;265,52;E-COMMERCE
2026-04-01;2015;2220;136,31;TELEMARKETING
2026-04-01;2516;2983;125,96;TELEMARKETING
2026-04-01;2601;1883;6481,6;TELEMARKETING
2026-04-01;2577;2983;97187,7;TELEMARKETING
2026-04-01;1381;8888;675,63;E-COMMERCE
2026-04-01;1372;8888;9830,68;FORÇA DE VENDAS
2026-04-01;2107;2089;14682,2;TELEMARKETING
2026-04-01;854;8888;17016,42;FORÇA DE VENDAS
2026-04-01;2185;874;9880,05;TELEMARKETING
2026-04-01;1108;1954;183,89;TELEMARKETING
2026-04-01;2507;874;3435,17;TELEMARKETING
2026-04-01;816;3009;1357,21;TELEMARKETING
2026-04-01;2118;2089;15356,84;TELEMARKETING
2026-04-01;2118;2591;6041,31;TELEMARKETING
2026-04-01;33;8888;38005,34;FORÇA DE VENDAS
2026-04-01;2085;1778;2749,83;TELEMARKETING
2026-04-01;1277;8888;1114,16;E-COMMERCE
2026-04-01;571;2063;885,0;TELEMARKETING
2026-04-01;2724;8888;835,1;FORÇA DE VENDAS
2026-04-01;326;2991;2515,85;TELEMARKETING
2026-04-01;2133;8888;47113,13;FORÇA DE VENDAS
2026-04-01;1381;8888;49533,35;FORÇA DE VENDAS
2026-04-01;1278;8888;1330,01;FORÇA DE VENDAS
2026-04-01;1653;1281;8354,62;TELEMARKETING
2026-04-01;1277;8888;43088,23;FORÇA DE VENDAS
2026-04-01;2015;2571;5775,3;TELEMARKETING
2026-04-01;2655;8888;4680,42;FORÇA DE VENDAS
2026-04-01;2477;8888;-33,19;FORÇA DE VENDAS
2026-04-01;2251;3403;3899,0;TELEMARKETING
2026-04-01;2696;2089;6711,4;TELEMARKETING
2026-04-01;2045;1960;1858,72;TELEMARKETING
2026-04-01;2440;8888;9410,13;FORÇA DE VENDAS
2026-04-01;1501;8888;21980,22;FORÇA DE VENDAS
2026-04-01;2087;2183;394,76;TELEMARKETING
2026-04-01;2472;8888;2206,17;FORÇA DE VENDAS
2026-04-01;27;8888;1835,07;E-COMMERCE
2026-04-01;1873;8888;3071,46;E-COMMERCE
2026-04-01;716;2985;126,49;TELEMARKETING
2026-04-01;2109;8888;542,47;E-COMMERCE
2026-04-01;2671;8888;275,68;FORÇA DE VENDAS
2026-04-01;2568;2727;6252,21;TELEMARKETING
2026-04-01;1108;8888;40,06;E-COMMERCE
2026-04-01;2388;1899;1360,92;TELEMARKETING
2026-04-01;2359;8888;17010,04;FORÇA DE VENDAS
2026-04-01;2049;1087;1368,16;TELEMARKETING
2026-04-01;2178;8888;21359,26;FORÇA DE VENDAS
2026-04-01;2163;2062;213,54;TELEMARKETING
2026-04-01;1203;2063;6079,63;TELEMARKETING
2026-04-01;2696;1954;15482,84;TELEMARKETING
2026-04-01;2000;8888;18488,58;FORÇA DE VENDAS
2026-04-01;2000;1953;4689,3;TELEMARKETING
2026-04-01;525;8888;3134,73;FORÇA DE VENDAS
2026-04-01;2330;1954;2941,01;TELEMARKETING
2026-04-01;1869;2103;1675,56;TELEMARKETING
2026-04-01;353;8888;4183,16;FORÇA DE VENDAS
2026-04-01;1289;8888;8609,05;FORÇA DE VENDAS
2026-04-01;424;8888;1746,99;E-COMMERCE
2026-04-01;2114;8888;40,15;E-COMMERCE
2026-04-01;2635;519;108,66;TELEMARKETING
2026-04-01;952;1899;1595,68;TELEMARKETING
2026-04-01;703;8888;385,82;E-COMMERCE
2026-04-01;890;8888;153197,04;FORÇA DE VENDAS
2026-04-01;2049;8888;16281,09;FORÇA DE VENDAS
2026-04-01;1456;8888;95788,79;FORÇA DE VENDAS
2026-04-01;1653;8888;5232,6;FORÇA DE VENDAS
2026-04-01;451;8888;17697,65;FORÇA DE VENDAS
2026-04-01;1450;8888;35543,73;FORÇA DE VENDAS
2026-04-01;2045;2095;14142,22;TELEMARKETING
2026-04-01;2604;1883;3411,6;TELEMARKETING
2026-04-01;2604;2985;2256,1;TELEMARKETING
2026-04-01;1324;8888;43876,76;FORÇA DE VENDAS
2026-04-01;1478;8888;2072,38;FORÇA DE VENDAS
2026-04-01;2114;1954;5833,78;TELEMARKETING
2026-04-01;818;8888;43266,58;FORÇA DE VENDAS
2026-04-01;818;519;6768,04;TELEMARKETING
2026-04-01;1299;2522;9416,98;TELEMARKETING
2026-04-01;2394;8888;384,08;E-COMMERCE
2026-04-01;2652;1883;268,8;TELEMARKETING
2026-04-01;477;2064;1065,25;TELEMARKETING
2026-04-01;477;2059;7801,83;TELEMARKETING
2026-04-01;2089;8888;40,19;E-COMMERCE
2026-04-01;89;13148;16,79;TELEMARKETING
2026-04-01;2069;2103;23656,8;TELEMARKETING
2026-04-01;535;422;1325,38;TELEMARKETING
2026-04-01;2433;2845;129,1;TELEMARKETING
2026-04-01;131;27;591,66;TELEMARKETING
2026-04-01;2510;8888;36064,71;PEDIDO ELETRÔNICO
2026-04-01;2576;8888;276,0;E-COMMERCE
2026-04-01;2576;2571;3014,98;TELEMARKETING
2026-04-01;1993;8888;39,24;E-COMMERCE
2026-04-01;285;805;1050,48;TELEMARKETING
2026-04-01;2251;2067;3227,0;TELEMARKETING
2026-04-01;2190;8888;8405,14;FORÇA DE VENDAS
2026-04-01;2190;8888;481,68;E-COMMERCE
2026-04-01;58;8888;312,26;E-COMMERCE
2026-04-01;609;977;59,4;TELEMARKETING
2026-04-01;1064;8888;26,7;E-COMMERCE
2026-04-01;1713;8888;1613,62;E-COMMERCE
2026-04-01;1713;841;1620,58;TELEMARKETING
2026-04-01;1102;8888;105,48;E-COMMERCE
2026-04-01;629;2064;846,42;TELEMARKETING
2026-04-01;2463;2066;17232,89;TELEMARKETING
2026-04-01;2375;1884;876,06;TELEMARKETING
2026-04-01;2250;8888;467,69;E-COMMERCE
2026-04-01;2714;8888;1743,76;FORÇA DE VENDAS
2026-04-01;326;8888;16,64;FORÇA DE VENDAS
2026-04-01;2388;8888;266,65;E-COMMERCE
2026-04-01;2606;2727;4628,08;TELEMARKETING
2026-04-01;1876;977;24523,52;TELEMARKETING
2026-04-01;1876;8888;2664,39;FORÇA DE VENDAS
2026-04-01;1653;2571;528,0;TELEMARKETING
2026-04-01;2211;874;1819,85;TELEMARKETING
2026-04-01;2651;8888;1331,48;E-COMMERCE
2026-04-01;2183;8888;431,52;PEDIDO ELETRÔNICO
2026-04-01;1166;2185;961,64;TELEMARKETING
2026-04-01;2089;1533;3964,74;TELEMARKETING
2026-04-01;1466;1884;2243,88;TELEMARKETING
2026-04-01;2708;423;429,0;TELEMARKETING
2026-04-01;595;8888;501,65;E-COMMERCE
2026-04-01;429;2591;110537,76;TELEMARKETING
2026-04-01;1492;8888;48,82;E-COMMERCE
2026-04-01;132;691;770,46;TELEMARKETING
2026-04-01;1539;1885;827,04;TELEMARKETING
2026-04-01;1937;675;6183,26;TELEMARKETING
2026-04-01;2699;8888;77,55;FORÇA DE VENDAS
2026-04-01;2703;8888;958,28;E-COMMERCE
2026-04-01;2671;8888;149,12;E-COMMERCE
2026-04-01;2375;8888;13590,65;FORÇA DE VENDAS
2026-04-01;2250;2059;983,21;TELEMARKETING
2026-04-01;2069;8888;59,13;E-COMMERCE
2026-04-01;1756;27;1083,28;TELEMARKETING
2026-04-01;1756;8888;7648,87;FORÇA DE VENDAS
2026-04-01;2651;58;349,21;TELEMARKETING
2026-04-01;664;8888;758,6;E-COMMERCE
2026-04-01;1869;8888;268,4;E-COMMERCE
2026-04-01;664;675;241,72;TELEMARKETING
2026-04-01;40;8888;1493,63;E-COMMERCE
2026-04-01;951;8888;14605,49;FORÇA DE VENDAS
2026-04-01;363;8888;246,64;E-COMMERCE
2026-04-01;2588;691;933,82;TELEMARKETING
2026-04-01;2588;3394;3019,2;TELEMARKETING
2026-04-01;941;2095;382,68;TELEMARKETING
2026-04-01;2411;2661;11,98;TELEMARKETING
2026-04-01;2209;738;3936,94;TELEMARKETING
2026-04-01;2738;3411;765,36;TELEMARKETING
2026-04-01;1166;8888;275,68;E-COMMERCE
2026-04-01;1539;2184;99,36;TELEMARKETING
2026-04-01;1340;2063;1809,34;TELEMARKETING
2026-04-01;1117;738;417,52;TELEMARKETING
2026-04-01;2019;8888;15438,98;FORÇA DE VENDAS
2026-04-01;1324;738;263,92;TELEMARKETING
2026-04-01;1384;8888;417,52;E-COMMERCE
2026-04-01;2613;2727;84,11;TELEMARKETING
2026-04-01;2657;8888;13647,3;FORÇA DE VENDAS
2026-04-01;2660;423;6398,2;TELEMARKETING
2026-04-01;2680;8888;15996,19;FORÇA DE VENDAS
2026-04-01;1137;546;135,0;TELEMARKETING
2026-04-01;1137;1898;791,9;TELEMARKETING
2026-04-01;2633;1953;2508,32;TELEMARKETING
2026-04-01;2376;3394;47916,01;TELEMARKETING
2026-04-01;636;2571;885,02;TELEMARKETING
2026-04-01;2667;2853;9715,81;TELEMARKETING
2026-04-01;818;2600;2024,5;TELEMARKETING
2026-04-01;2392;8888;421,22;E-COMMERCE
2026-04-01;443;1533;96,72;TELEMARKETING
2026-04-01;2705;1762;4729,9;TELEMARKETING
2026-04-01;2705;8888;19360,82;FORÇA DE VENDAS
2026-04-01;1344;8888;24992,06;FORÇA DE VENDAS
2026-04-01;2428;8888;8138,36;FORÇA DE VENDAS
2026-04-01;2719;422;1635,65;TELEMARKETING
2026-04-01;610;8888;15637,94;FORÇA DE VENDAS
2026-04-01;2452;8888;8998,9;FORÇA DE VENDAS
2026-04-01;2448;8888;12397,78;FORÇA DE VENDAS
2026-04-01;2085;8888;10724,62;FORÇA DE VENDAS
2026-04-01;2606;8888;6805,2;FORÇA DE VENDAS
2026-04-01;2107;8888;61621,95;FORÇA DE VENDAS
2026-04-01;2249;8888;48059,11;FORÇA DE VENDAS
2026-04-01;610;805;15811,78;TELEMARKETING
2026-04-01;531;2070;28475,03;TELEMARKETING
2026-04-01;326;841;-75,09;TELEMARKETING
2026-04-01;1690;691;445,36;TELEMARKETING
2026-04-01;2045;2853;536,0;TELEMARKETING
2026-04-01;1846;3179;2149,72;TELEMARKETING
2026-04-01;1840;1960;478,96;TELEMARKETING
2026-04-01;2678;1312;3423,27;TELEMARKETING
2026-04-01;2490;8888;73,3;FORÇA DE VENDAS
2026-04-01;2667;1087;1002,14;TELEMARKETING
2026-04-01;358;1898;1495,5;TELEMARKETING
2026-04-01;2708;8888;2158,99;FORÇA DE VENDAS
2026-04-01;2708;1929;880,26;TELEMARKETING
2026-04-01;2363;8888;2949,54;FORÇA DE VENDAS
2026-04-01;2363;2063;2127,24;TELEMARKETING
2026-04-01;1075;2059;3663,64;TELEMARKETING
2026-04-01;1871;2661;55,78;TELEMARKETING
2026-04-01;2660;2101;1102,36;TELEMARKETING
2026-04-01;2442;3009;16700,8;TELEMARKETING
2026-04-01;2711;8888;145,4;E-COMMERCE
2026-04-01;400;3395;906,12;TELEMARKETING
2026-04-01;2601;8888;4018,06;FORÇA DE VENDAS
2026-04-01;1642;3412;21782,4;TELEMARKETING
2026-04-01;2392;1778;1380,4;TELEMARKETING
2026-04-01;1890;2101;4230,2;TELEMARKETING
2026-04-01;2655;519;1083,54;TELEMARKETING
2026-04-01;2689;8888;424,88;E-COMMERCE
2026-04-01;104;3396;13213,44;TELEMARKETING
2026-04-01;104;3395;7343,88;TELEMARKETING
2026-04-01;2719;8888;1280,43;FORÇA DE VENDAS
2026-04-01;2719;2220;1924,9;TELEMARKETING
2026-04-01;2577;8888;43415,35;FORÇA DE VENDAS
2026-04-01;463;2752;-290,76;TELEMARKETING
2026-04-01;1063;8888;9642,91;FORÇA DE VENDAS
2026-04-01;559;841;21,45;TELEMARKETING
2026-04-01;104;8888;12169,7;FORÇA DE VENDAS
2026-04-01;89;8888;7074,84;FORÇA DE VENDAS
2026-04-01;2582;8888;-186,08;FORÇA DE VENDAS
2026-04-01;1450;8888;3996,32;E-COMMERCE
2026-04-01;2538;1953;8390,66;TELEMARKETING
2026-04-01;2580;8888;6198,68;FORÇA DE VENDAS
2026-04-01;2413;2727;1198,68;TELEMARKETING
2026-04-01;1427;3009;3316,08;TELEMARKETING
2026-04-01;27;8888;2509,98;FORÇA DE VENDAS
2026-04-01;2678;8888;6814,94;FORÇA DE VENDAS
2026-04-01;2567;1778;2342,42;TELEMARKETING
2026-04-01;1108;874;2565,9;TELEMARKETING
2026-04-01;351;8888;7622,93;FORÇA DE VENDAS
2026-04-01;2599;8888;14512,79;FORÇA DE VENDAS
2026-04-01;890;1533;2946,22;TELEMARKETING
2026-04-01;2696;8888;87537,58;FORÇA DE VENDAS
2026-04-01;2604;8888;54,3;E-COMMERCE
2026-04-01;451;213;615,68;TELEMARKETING
2026-04-01;1642;2184;790,24;TELEMARKETING
2026-04-01;1254;8888;80749,78;FORÇA DE VENDAS
2026-04-01;1289;423;27,9;TELEMARKETING
2026-04-01;2026;8888;213,5;E-COMMERCE
2026-04-01;2707;1953;1495,98;TELEMARKETING
2026-04-01;2571;8888;3419,92;FORÇA DE VENDAS
2026-04-01;1996;8888;206,16;E-COMMERCE
2026-04-01;767;8888;910,39;E-COMMERCE
2026-04-01;1293;1281;3063,7;TELEMARKETING
2026-04-01;452;8888;42102,7;FORÇA DE VENDAS
2026-04-01;1823;8888;3939,62;FORÇA DE VENDAS
2026-04-01;1956;672;9193,39;TELEMARKETING
2026-04-01;1585;1762;2216,12;TELEMARKETING
2026-04-01;535;8888;5817,89;FORÇA DE VENDAS
2026-04-01;2528;672;6593,1;TELEMARKETING
2026-04-01;559;8888;3985,03;FORÇA DE VENDAS
2026-04-01;131;8888;22725,22;FORÇA DE VENDAS
2026-04-01;2064;2985;45,12;TELEMARKETING
2026-04-01;2697;8888;1069,87;E-COMMERCE
2026-04-01;2190;2063;1770,88;TELEMARKETING
2026-04-01;571;8888;935,62;E-COMMERCE
2026-04-01;2000;2095;4693,08;TELEMARKETING
2026-04-01;2491;1312;11432,12;TELEMARKETING
2026-04-01;2698;874;15410,2;TELEMARKETING
2026-04-01;2698;8888;463,67;E-COMMERCE
2026-04-01;2698;8888;14978,79;FORÇA DE VENDAS
2026-04-01;2690;8888;2534,96;FORÇA DE VENDAS
2026-04-01;2690;1087;3454,78;TELEMARKETING
2026-04-01;2433;213;996,39;TELEMARKETING
2026-04-01;451;3403;196,84;TELEMARKETING
2026-04-01;1308;1312;947,16;TELEMARKETING
2026-04-01;353;8888;5002,72;E-COMMERCE
2026-04-01;2604;8888;1903,56;FORÇA DE VENDAS
2026-04-01;1907;8888;36,75;E-COMMERCE
2026-04-01;781;8888;6492,55;FORÇA DE VENDAS
2026-04-01;781;2064;6237,64;TELEMARKETING
2026-04-01;1063;3403;2865,9;TELEMARKETING
2026-04-01;1478;8888;129,84;E-COMMERCE
2026-04-01;2663;1885;2019,54;TELEMARKETING
2026-04-01;2663;8888;3893,62;FORÇA DE VENDAS
2026-04-01;675;8888;357,75;E-COMMERCE
2026-04-01;675;2571;1420,91;TELEMARKETING
2026-04-01;2652;8888;3207,0;FORÇA DE VENDAS
2026-04-01;477;8888;4103,79;FORÇA DE VENDAS
2026-04-01;477;2068;1148,09;TELEMARKETING
2026-04-01;2571;1312;2069,91;TELEMARKETING
2026-04-01;767;1087;337,5;TELEMARKETING
2026-04-01;2197;423;2081,2;TELEMARKETING
2026-04-01;2197;8888;92,46;E-COMMERCE
2026-04-01;1293;8888;2354,03;FORÇA DE VENDAS
2026-04-01;2510;1762;2358,51;TELEMARKETING
2026-04-01;452;8888;865,5;E-COMMERCE
2026-04-01;1255;2600;383,88;TELEMARKETING
2026-04-01;2118;8888;69169,18;FORÇA DE VENDAS
2026-04-01;2433;738;61,2;TELEMARKETING
2026-04-01;1632;8888;5152,71;FORÇA DE VENDAS
2026-04-01;14;8888;79790,47;FORÇA DE VENDAS
2026-04-01;949;1134;12,55;TELEMARKETING
2026-04-01;2576;8888;24965,9;FORÇA DE VENDAS
2026-04-01;2064;2184;348,6;TELEMARKETING
2026-04-01;2064;8888;1276,09;E-COMMERCE
2026-04-01;2709;1898;1844,26;TELEMARKETING
2026-04-01;1642;3406;1289,26;TELEMARKETING
2026-04-01;2190;2103;8259,34;TELEMARKETING
2026-04-01;2183;8888;310,8;FORÇA DE VENDAS
2026-04-01;663;8888;596,2;E-COMMERCE
2026-04-01;629;2066;841,67;TELEMARKETING
2026-04-01;1137;8888;5298,47;E-COMMERCE
2026-04-01;2279;1139;420,72;TELEMARKETING
2026-04-01;2363;8888;929,5;E-COMMERCE
2026-04-01;360;8888;528,32;E-COMMERCE
2026-04-01;1465;3403;134,99;TELEMARKETING
2026-04-01;1465;2067;8677,2;TELEMARKETING
2026-04-01;2121;8888;137,84;E-COMMERCE
2026-04-01;1876;8888;105,5;E-COMMERCE
2026-04-01;1853;8888;3413,22;FORÇA DE VENDAS
2026-04-01;483;841;41,32;TELEMARKETING
2026-04-01;802;8888;2629,57;FORÇA DE VENDAS
2026-04-01;2199;8888;172,69;E-COMMERCE
2026-04-01;953;2064;943,91;TELEMARKETING
2026-04-01;951;2063;739,68;TELEMARKETING
2026-04-01;2588;8888;19821,63;FORÇA DE VENDAS
2026-04-01;772;2845;63,36;TELEMARKETING
2026-04-01;438;8888;4443,37;FORÇA DE VENDAS
2026-04-01;358;1281;839,22;TELEMARKETING
2026-04-01;2709;8888;1615,54;FORÇA DE VENDAS
2026-04-01;2251;2064;1228,53;TELEMARKETING
2026-04-01;1116;8888;393,35;E-COMMERCE
2026-04-01;952;8888;1636,86;FORÇA DE VENDAS
2026-04-01;326;14;65,3;TELEMARKETING
2026-04-01;1064;8888;8732,78;FORÇA DE VENDAS
2026-04-01;1384;3396;3745,6;TELEMARKETING
2026-04-01;1937;8888;343,39;E-COMMERCE
2026-04-01;2510;8888;55554,37;FORÇA DE VENDAS
2026-04-01;2279;8888;124,27;E-COMMERCE
2026-04-01;424;8888;586,17;FORÇA DE VENDAS
2026-04-01;525;2095;1540,56;TELEMARKETING
2026-04-01;2178;2059;7938,46;TELEMARKETING
2026-04-01;2568;8888;722,24;E-COMMERCE
2026-04-01;1907;1778;415,24;TELEMARKETING
2026-04-01;2199;1898;798,61;TELEMARKETING
2026-04-01;2588;213;1252,56;TELEMARKETING
2026-04-01;772;3394;663,84;TELEMARKETING
2026-04-01;629;675;655,12;TELEMARKETING
2026-04-01;1063;2061;6478,92;TELEMARKETING
2026-04-01;2726;977;1167,5;TELEMARKETING
2026-04-01;2530;874;6187,59;TELEMARKETING
2026-04-01;1142;1762;215,81;TELEMARKETING
2026-04-01;2660;8888;571,08;E-COMMERCE
2026-04-01;2680;874;360,97;TELEMARKETING
2026-04-01;2442;738;4646,84;TELEMARKETING
2026-04-01;1254;1960;13644,34;TELEMARKETING
2026-04-01;1642;1899;413,52;TELEMARKETING
2026-04-01;2571;8888;782,48;E-COMMERCE
2026-04-01;1890;2983;1702,86;TELEMARKETING
2026-04-01;1890;1953;3182,41;TELEMARKETING
2026-04-01;2655;8888;396,45;E-COMMERCE
2026-04-01;104;2063;4558,48;TELEMARKETING
2026-04-01;2507;8888;17538,8;FORÇA DE VENDAS
2026-04-01;816;8888;31607,14;FORÇA DE VENDAS
2026-04-01;816;3396;3706,58;TELEMARKETING
2026-04-01;33;3396;22635,69;TELEMARKETING
2026-04-01;1289;3411;3954,36;TELEMARKETING
2026-04-01;2696;2591;9082,81;TELEMARKETING
2026-04-01;2576;1281;1795,49;TELEMARKETING
2026-04-01;424;2059;-350,42;TELEMARKETING
2026-04-01;132;8888;57093,57;FORÇA DE VENDAS
2026-04-01;2359;874;2980,71;TELEMARKETING
2026-04-01;2375;8888;799,05;E-COMMERCE
2026-04-01;953;8888;17675,75;FORÇA DE VENDAS
2026-04-01;1907;8888;249259,85;FORÇA DE VENDAS
2026-04-01;609;8888;19761,26;FORÇA DE VENDAS
2026-04-01;1993;8888;8503,48;FORÇA DE VENDAS
2026-04-01;564;8888;308,81;E-COMMERCE
2026-04-01;1846;672;5344,46;TELEMARKETING
2026-04-01;2461;8888;188,91;FORÇA DE VENDAS
2026-04-01;2472;8888;40,7;E-COMMERCE
2026-04-01;2325;1778;10952,02;TELEMARKETING
2026-04-01;1642;2185;417,52;TELEMARKETING
2026-04-01;2671;1883;827,04;TELEMARKETING
2026-04-01;1518;8888;39904,0;FORÇA DE VENDAS
2026-04-01;2687;8888;9450,36;FORÇA DE VENDAS
2026-04-01;2639;8888;264,72;FORÇA DE VENDAS
2026-04-01;2049;8888;379,84;E-COMMERCE
2026-04-01;768;8888;20985,25;FORÇA DE VENDAS
2026-04-01;2178;738;633,6;TELEMARKETING
2026-04-01;1166;1884;2752,98;TELEMARKETING
2026-04-01;1020;8888;17710,76;FORÇA DE VENDAS
2026-04-01;2000;2983;5193,08;TELEMARKETING
2026-04-01;2631;2853;3256,08;TELEMARKETING
2026-04-01;325;14;174,26;TELEMARKETING
2026-04-01;443;8888;788,45;FORÇA DE VENDAS
2026-04-01;400;2103;2123,28;TELEMARKETING
2026-04-01;1642;1884;155,85;TELEMARKETING
2026-04-01;40;2064;1678,19;TELEMARKETING
2026-04-01;2392;8888;34013,79;FORÇA DE VENDAS
2026-04-01;1871;8888;143,94;E-COMMERCE
2026-04-01;360;1898;545,44;TELEMARKETING
2026-04-01;2249;2727;4186,12;TELEMARKETING
2026-04-01;33;2103;694,73;TELEMARKETING
2026-04-01;1277;213;940,14;TELEMARKETING
2026-04-01;1289;3414;2315,88;TELEMARKETING
2026-04-01;2049;2983;2019,99;TELEMARKETING
2026-04-01;1996;8888;44477,39;FORÇA DE VENDAS
2026-04-01;2442;8888;49,2;FORÇA DE VENDAS
2026-04-01;1384;8888;74806,46;FORÇA DE VENDAS
2026-04-01;2325;8888;3716,55;FORÇA DE VENDAS
2026-04-01;2597;519;15270,32;TELEMARKETING
2026-04-01;2209;8888;14,31;E-COMMERCE
2026-04-01;1137;8888;31405,39;FORÇA DE VENDAS
2026-04-01;1642;8888;20405,74;FORÇA DE VENDAS
2026-04-01;1539;8888;12320,24;FORÇA DE VENDAS
2026-04-01;1116;8888;1459,22;FORÇA DE VENDAS
2026-04-01;2730;1960;1863,5;TELEMARKETING
2026-04-01;2723;2185;21,78;TELEMARKETING
2026-04-01;138;13148;130,5;TELEMARKETING
2026-04-01;1301;805;572,68;TELEMARKETING
2026-04-01;2580;1960;12234,22;TELEMARKETING
2026-04-01;2577;2101;1902,6;TELEMARKETING
2026-04-01;2109;2220;63,79;TELEMARKETING
2026-04-01;595;691;1291,5;TELEMARKETING
2026-04-01;2567;8888;4469,9;FORÇA DE VENDAS
2026-04-01;2684;8888;4215,1;FORÇA DE VENDAS
2026-04-01;949;2176;343,17;TELEMARKETING
2026-04-01;2639;1953;11228,16;TELEMARKETING
2026-04-01;2000;2101;1379,24;TELEMARKETING
2026-04-01;525;8888;6749,18;E-COMMERCE
2026-04-01;1450;1778;2105,81;TELEMARKETING
2026-04-01;610;8888;2147,57;E-COMMERCE
2026-04-01;634;8888;19501,32;FORÇA DE VENDAS
2026-04-01;783;8888;41,55;FORÇA DE VENDAS
2026-04-01;1299;2523;18218,77;TELEMARKETING
2026-04-01;1299;27;6109,37;TELEMARKETING
2026-04-01;2394;2727;3939,93;TELEMARKETING
2026-04-01;477;58;341,78;TELEMARKETING
2026-04-01;2082;8888;10344,66;FORÇA DE VENDAS
2026-04-01;2383;8888;61751,65;FORÇA DE VENDAS
2026-04-01;767;8888;25054,6;FORÇA DE VENDAS
2026-04-01;2197;672;9,9;TELEMARKETING
2026-04-01;1293;8888;1559,98;E-COMMERCE
2026-04-01;1317;8888;7196,35;FORÇA DE VENDAS
2026-04-01;1075;8888;1276,16;E-COMMERCE
2026-04-01;2107;1954;221,84;TELEMARKETING
2026-04-01;2528;8888;15,98;E-COMMERCE
2026-04-01;949;1258;94,14;TELEMARKETING
2026-04-01;1374;841;408,45;TELEMARKETING
2026-04-01;1137;422;10325,94;TELEMARKETING
2026-04-01;2402;2727;1947,6;TELEMARKETING
2026-04-01;358;546;17396,49;TELEMARKETING
2026-04-01;1823;2571;272,68;TELEMARKETING
2026-04-01;358;8888;296,63;E-COMMERCE
2026-04-01;2697;8888;11679,4;FORÇA DE VENDAS
2026-04-01;2697;1312;7258,73;TELEMARKETING
2026-04-01;1653;546;557,15;TELEMARKETING
2026-04-01;483;8888;4651,26;FORÇA DE VENDAS
2026-04-01;326;1214;151,28;TELEMARKETING
2026-04-01;2452;8888;411,05;E-COMMERCE
2026-04-01;1642;8888;3915,12;E-COMMERCE
2026-04-01;1308;8888;23112,84;FORÇA DE VENDAS
2026-04-01;2686;8888;9039,42;FORÇA DE VENDAS
2026-04-01;949;1760;17,94;TELEMARKETING
2026-04-01;2026;2095;1530,72;TELEMARKETING
2026-04-01;1823;8888;5172,47;E-COMMERCE
2026-04-01;1063;8888;397,1;E-COMMERCE
2026-04-01;1478;675;29,81;TELEMARKETING
2026-04-01;2114;8888;16623,14;FORÇA DE VENDAS
2026-04-01;675;8888;3432,04;FORÇA DE VENDAS
2026-04-01;675;1898;1720,51;TELEMARKETING
2026-04-01;634;8888;1942,45;E-COMMERCE
2026-04-01;2394;8888;5990,06;FORÇA DE VENDAS
2026-04-01;2652;2600;1534,08;TELEMARKETING
2026-04-01;1142;1778;6819,55;TELEMARKETING
2026-04-01;2069;8888;15000,11;FORÇA DE VENDAS
2026-04-01;2082;1762;6031,36;TELEMARKETING
2026-04-01;636;8888;11354,19;FORÇA DE VENDAS
2026-04-01;1585;8888;109,69;E-COMMERCE
2026-04-01;2528;8888;1058,88;FORÇA DE VENDAS
2026-04-01;949;1110;134,0;TELEMARKETING
2026-04-01;358;8888;19455,95;FORÇA DE VENDAS
2026-04-01;2064;8888;5260,99;FORÇA DE VENDAS
2026-04-01;285;8888;1686,98;E-COMMERCE
2026-04-01;2251;8888;3613,0;FORÇA DE VENDAS
2026-04-01;2251;8888;1191,64;E-COMMERCE
2026-04-01;1116;13148;2693,51;TELEMARKETING
2026-04-01;1116;2071;3349,77;TELEMARKETING
2026-04-01;351;8888;165,11;E-COMMERCE
2026-04-01;58;675;11254,79;TELEMARKETING
2026-04-01;629;8888;4792,19;FORÇA DE VENDAS
2026-04-01;1278;1533;161,3;TELEMARKETING
2026-04-01;1317;8888;21,9;E-COMMERCE
2026-04-01;353;3179;2701,5;TELEMARKETING
2026-04-01;2463;1139;6692,53;TELEMARKETING
2026-04-01;2375;2183;18,24;TELEMARKETING
2026-04-01;1007;1214;8266,2;TELEMARKETING
2026-04-01;619;8888;155,88;E-COMMERCE
2026-04-01;1756;8888;823,76;E-COMMERCE
2026-04-01;818;8888;551,36;E-COMMERCE
2026-04-01;483;2064;5299,63;TELEMARKETING
2026-04-01;40;8888;3409,29;FORÇA DE VENDAS
2026-04-01;2199;8888;3392,56;FORÇA DE VENDAS
2026-04-01;2245;8888;10327,4;FORÇA DE VENDAS
2026-04-01;1956;423;661,8;TELEMARKETING
2026-04-01;2015;8888;13364,36;FORÇA DE VENDAS
2026-04-01;2366;2220;1317,17;TELEMARKETING
2026-04-01;325;8888;898,94;E-COMMERCE
2026-04-01;2686;1087;884,44;TELEMARKETING
2026-04-01;2708;1087;342,0;TELEMARKETING
2026-04-01;1340;8888;8586,93;FORÇA DE VENDAS
2026-04-01;1340;805;668,0;TELEMARKETING
2026-04-01;2019;977;2623,3;TELEMARKETING
2026-04-01;2019;8888;5097,8;E-COMMERCE
2026-04-01;2449;3009;2669,44;TELEMARKETING
2026-04-01;1466;8888;39667,6;FORÇA DE VENDAS
2026-04-01;351;738;1576,85;TELEMARKETING
2026-04-01;2530;8888;10218,44;FORÇA DE VENDAS
2026-04-01;2657;2853;6013,06;TELEMARKETING
2026-04-01;2711;8888;21808,1;FORÇA DE VENDAS
2026-04-01;951;8888;736,39;E-COMMERCE
2026-04-01;1465;8888;38768,19;FORÇA DE VENDAS
2026-04-01;1259;519;21,9;TELEMARKETING
2026-04-01;525;2086;2332,32;TELEMARKETING
2026-04-01;1653;1898;409,17;TELEMARKETING
2026-04-01;2178;2068;3528,2;TELEMARKETING
2026-04-01;40;58;2219,98;TELEMARKETING
2026-04-01;2472;2095;1545,12;TELEMARKETING
2026-04-01;2015;8888;2288,14;E-COMMERCE
2026-04-01;2366;8888;575,8;FORÇA DE VENDAS
2026-04-01;363;1898;4230,8;TELEMARKETING
2026-04-01;2588;3395;265,52;TELEMARKETING
2026-04-01;941;1960;37,77;TELEMARKETING
2026-04-01;767;3411;637,8;TELEMARKETING
2026-04-01;325;1214;174,26;TELEMARKETING
2026-04-01;429;1281;957,69;TELEMARKETING
2026-04-01;2706;1960;1613,64;TELEMARKETING
2026-04-01;2490;1883;275,68;TELEMARKETING
2026-04-01;2660;2086;955,44;TELEMARKETING
2026-04-01;2711;1953;5695,3;TELEMARKETING
2026-04-01;2601;1899;2514,8;TELEMARKETING
2026-04-01;2107;3411;7325,63;TELEMARKETING
2026-04-01;1890;2853;395,88;TELEMARKETING
2026-04-01;2655;2985;413,52;TELEMARKETING
2026-04-01;2308;422;8,9;TELEMARKETING
2026-04-01;1658;8888;46,68;FORÇA DE VENDAS
2026-04-01;854;2184;961,6;TELEMARKETING
2026-04-01;2185;8888;9720,12;FORÇA DE VENDAS
2026-04-01;2249;2080;2762,44;TELEMARKETING
2026-04-01;2118;8888;285,14;E-COMMERCE
2026-04-01;2178;2103;26485,93;TELEMARKETING
2026-04-01;33;3395;978,36;TELEMARKETING
2026-04-01;619;1139;215,32;TELEMARKETING
2026-04-01;2218;8888;423,3;FORÇA DE VENDAS
2026-04-01;2725;8888;247,87;E-COMMERCE
2026-04-01;2726;1087;2572,34;TELEMARKETING
2026-04-01;2687;3411;889,16;TELEMARKETING
2026-04-01;1075;8888;38164,07;FORÇA DE VENDAS
2026-04-01;1374;8888;47732,14;FORÇA DE VENDAS
2026-04-01;2163;8888;10402,35;FORÇA DE VENDAS
2026-04-01;1142;8888;177534,35;FORÇA DE VENDAS
2026-04-01;664;8888;9297,65;FORÇA DE VENDAS
2026-04-01;2457;2183;564,0;TELEMARKETING
2026-04-01;2495;8888;1363,07;FORÇA DE VENDAS
2026-04-01;2538;8888;351,68;E-COMMERCE
2026-04-01;2607;1953;2943,04;TELEMARKETING
2026-04-01;2545;8888;5468,13;FORÇA DE VENDAS
2026-04-01;2087;1899;1547,52;TELEMARKETING
2026-04-01;2413;8888;2611,36;E-COMMERCE
2026-04-01;2087;1883;1033,8;TELEMARKETING
2026-04-01;2362;8888;8544,6;FORÇA DE VENDAS
2026-04-01;326;8888;3544,83;E-COMMERCE
2026-04-01;1427;841;208,84;TELEMARKETING
2026-04-01;6;1533;838,88;TELEMARKETING
2026-04-01;2537;519;1111,47;TELEMARKETING
2026-04-01;595;8888;486,73;FORÇA DE VENDAS
2026-04-01;1518;1533;2873,66;TELEMARKETING
2026-04-01;2308;2220;697,51;TELEMARKETING
2026-04-01;1255;1899;1112,4;TELEMARKETING
2026-04-01;2687;8888;135,68;E-COMMERCE
2026-04-01;2661;2845;1124,92;TELEMARKETING
2026-04-01;571;8888;47810,04;FORÇA DE VENDAS
2026-04-01;768;8888;1180,63;E-COMMERCE
2026-04-01;2673;1883;53,9;TELEMARKETING
2026-04-01;2449;8888;4774,78;FORÇA DE VENDAS
2026-04-01;2635;8888;241,48;E-COMMERCE
2026-04-01;2539;3009;3799,78;TELEMARKETING
2026-04-01;2146;2661;5,99;TELEMARKETING
2026-04-01;522;8888;161,28;E-COMMERCE
2026-04-01;400;8888;20069,41;FORÇA DE VENDAS
2026-04-01;2660;3411;1635,72;TELEMARKETING
2026-04-01;2392;1762;1710,08;TELEMARKETING
2026-04-01;2308;8888;3579,68;FORÇA DE VENDAS
2026-04-01;2655;2183;515,84;TELEMARKETING
2026-04-01;104;2103;19918,9;TELEMARKETING
2026-04-01;2114;2088;4155,34;TELEMARKETING
2026-04-01;2249;2065;2260,66;TELEMARKETING
2026-04-01;1937;2059;1492,16;TELEMARKETING
2026-04-01;1289;2101;3193,78;TELEMARKETING
2026-04-01;1876;1087;510,24;TELEMARKETING
2026-04-01;1392;2752;904,06;TELEMARKETING
2026-04-01;2567;1762;1512,07;TELEMARKETING
2026-04-01;580;8888;15361,24;FORÇA DE VENDAS
2026-04-01;441;8888;55745,61;FORÇA DE VENDAS
2026-04-01;1890;2095;58607,38;TELEMARKETING
2026-04-01;1102;8888;2012,3;FORÇA DE VENDAS
2026-04-01;460;8888;135,96;FORÇA DE VENDAS
2026-04-01;2457;2185;141,84;TELEMARKETING
2026-04-01;2472;2853;13185,98;TELEMARKETING
2026-04-01;2109;8888;3459,63;FORÇA DE VENDAS
2026-04-01;2490;1884;3808,96;TELEMARKETING
2026-04-01;2684;1885;2083,6;TELEMARKETING
2026-04-01;703;2103;2076,47;TELEMARKETING
2026-04-01;2659;8888;626,62;FORÇA DE VENDAS
2026-04-01;2421;3009;4416,28;TELEMARKETING
2026-04-01;2163;8888;128,96;E-COMMERCE
2026-04-01;1203;8888;6640,3;FORÇA DE VENDAS
2026-04-01;2491;1954;192,29;TELEMARKETING
2026-04-01;2133;2845;1402,8;TELEMARKETING
2026-04-01;1869;8888;40930,3;FORÇA DE VENDAS
2026-04-01;2435;8888;347,96;FORÇA DE VENDAS
2026-04-01;781;805;1090,25;TELEMARKETING
2026-04-01;783;213;2920,72;TELEMARKETING
2026-04-01;2635;8888;8197,27;FORÇA DE VENDAS
2026-04-01;2394;1778;78,01;TELEMARKETING
2026-04-01;2707;8888;5886,77;FORÇA DE VENDAS
2026-04-01;89;8888;2882,82;E-COMMERCE
2026-04-01;20;8888;29108,65;FORÇA DE VENDAS
2026-04-01;1166;1883;31,13;TELEMARKETING
2026-04-01;452;738;609,62;TELEMARKETING
2026-04-01;1317;3179;2648,62;TELEMARKETING
2026-04-01;1956;8888;761,84;E-COMMERCE
2026-04-01;1906;1954;557,09;TELEMARKETING
2026-04-01;415;8888;8451,8;FORÇA DE VENDAS
2026-04-01;535;8888;785,15;E-COMMERCE
2026-04-01;1632;8888;307,56;E-COMMERCE
2026-04-01;14;2064;2518,72;TELEMARKETING
2026-04-01;131;8888;389,11;E-COMMERCE
2026-04-01;1993;841;22,84;TELEMARKETING
2026-04-01;2402;8888;38769,46;FORÇA DE VENDAS
2026-04-01;890;8888;391,14;E-COMMERCE
2026-04-01;132;8888;398,28;E-COMMERCE
2026-04-01;569;8888;249,56;E-COMMERCE
2026-04-01;1689;8888;215,3;E-COMMERCE
2026-04-01;2703;8888;165,7;FORÇA DE VENDAS
2026-04-01;353;3414;9033,41;TELEMARKETING
2026-04-01;2463;8888;2515,41;E-COMMERCE
2026-04-01;711;3009;8162,5;TELEMARKETING
2026-04-01;1007;3394;0,0;TELEMARKETING
2026-04-01;1117;8888;1019,94;FORÇA DE VENDAS
2026-04-01;2421;8888;4164,88;FORÇA DE VENDAS
2026-04-01;703;8888;96087,46;FORÇA DE VENDAS
2026-04-01;2457;8888;-25,12;E-COMMERCE
2026-04-01;1304;213;1311,84;TELEMARKETING
2026-04-01;2381;213;237,38;TELEMARKETING
2026-04-01;2457;1899;77,34;TELEMARKETING
2026-04-01;1324;3009;2213,6;TELEMARKETING
2026-04-01;2537;8888;1027,04;FORÇA DE VENDAS
2026-04-01;1108;1312;2258,43;TELEMARKETING
2026-04-01;1108;2089;4449,72;TELEMARKETING
2026-04-01;2667;8888;7874,66;FORÇA DE VENDAS
2026-04-01;2687;2853;407,94;TELEMARKETING
2026-04-01;2124;8888;8408,52;FORÇA DE VENDAS
2026-04-01;925;8888;345,36;E-COMMERCE
2026-04-01;2163;2600;8098,0;TELEMARKETING
2026-04-01;1203;3396;3253,27;TELEMARKETING
2026-04-01;525;1087;139,68;TELEMARKETING
2026-04-01;2686;8888;409,21;E-COMMERCE
2026-04-01;2133;691;1198,46;TELEMARKETING
2026-04-01;360;546;6245,84;TELEMARKETING
2026-04-01;360;8888;15179,35;FORÇA DE VENDAS
2026-04-01;1907;2727;772,55;TELEMARKETING
2026-04-01;2114;1312;10256,95;TELEMARKETING
2026-04-01;1299;2059;6729,2;TELEMARKETING
2026-04-01;2707;1960;28611,47;TELEMARKETING
2026-04-01;1166;8888;44555,94;FORÇA DE VENDAS
2026-04-01;1956;8888;1671,17;FORÇA DE VENDAS
2026-04-01;1906;8888;4575,43;FORÇA DE VENDAS
2026-04-01;1585;2727;1072,88;TELEMARKETING
2026-04-01;2118;1954;3525,95;TELEMARKETING
2026-04-01;2081;8888;390,0;E-COMMERCE
2026-04-01;14;805;3488,98;TELEMARKETING
2026-04-01;1823;2220;2020,28;TELEMARKETING
2026-04-01;358;2220;4417,28;TELEMARKETING
2026-04-01;2709;2220;3700,2;TELEMARKETING
2026-04-01;1116;2061;2231,69;TELEMARKETING
2026-04-01;58;8888;4321,64;FORÇA DE VENDAS
2026-04-01;609;8888;610,78;E-COMMERCE
2026-04-01;42;8888;4787,34;FORÇA DE VENDAS
2026-04-01;326;213;626,28;TELEMARKETING
2026-04-01;1384;691;1757,0;TELEMARKETING
2026-04-01;1007;8888;21954,37;FORÇA DE VENDAS
2026-04-01;360;2591;10844,56;TELEMARKETING
2026-04-01;1259;8888;279,9;FORÇA DE VENDAS
2026-04-01;2211;8888;34678,71;FORÇA DE VENDAS
2026-04-01;2223;2476;430,8;TELEMARKETING
2026-04-01;2261;8888;3918,54;FORÇA DE VENDAS
2026-04-01;2087;8888;679,81;E-COMMERCE
2026-04-01;2015;546;139,28;TELEMARKETING
2026-04-01;2588;2063;448,32;TELEMARKETING
2026-04-01;2588;2070;1590,16;TELEMARKETING
2026-04-01;2045;1953;49767,46;TELEMARKETING
2026-04-01;1518;8888;602,96;E-COMMERCE
2026-04-01;945;8888;4019,81;PEDIDO ELETRÔNICO
2026-04-01;441;691;407,88;TELEMARKETING
2026-04-01;429;8888;7673,36;FORÇA DE VENDAS
2026-04-01;2718;8888;202,0;FORÇA DE VENDAS
2026-04-01;1340;2064;5140,56;TELEMARKETING
2026-04-01;1117;1139;13,01;TELEMARKETING
2026-04-01;2706;1953;2094,8;TELEMARKETING
2026-04-01;522;8888;17534,0;FORÇA DE VENDAS
2026-04-01;2727;1087;1058,88;TELEMARKETING
2026-05-01;2431;8888;5553,01;FORÇA DE VENDAS
2026-05-01;2405;8888;-605,05;FORÇA DE VENDAS
2026-05-01;2452;8888;9050,92;FORÇA DE VENDAS
2026-05-01;2178;738;3994,33;TELEMARKETING
2026-05-01;2249;2727;3332,56;TELEMARKETING
2026-05-01;768;8888;22689,87;FORÇA DE VENDAS
2026-05-01;1996;8888;63636,95;FORÇA DE VENDAS
2026-05-01;415;8888;13338,16;FORÇA DE VENDAS
2026-05-01;1384;8888;44120,11;FORÇA DE VENDAS
2026-05-01;2604;8888;-49,99;FORÇA DE VENDAS
2026-05-01;2118;8888;69753,13;FORÇA DE VENDAS
2026-05-01;1690;8888;131,6;E-COMMERCE
2026-05-01;2457;2985;178,16;TELEMARKETING
2026-05-01;2413;8888;2720,66;E-COMMERCE
2026-05-01;1873;8888;4555,75;E-COMMERCE
2026-05-01;2678;8888;319,38;FORÇA DE VENDAS
2026-05-01;2748;1884;23,8;TELEMARKETING
2026-05-01;2661;2845;849,89;TELEMARKETING
2026-05-01;703;8888;44928,66;FORÇA DE VENDAS
2026-05-01;2673;8888;77,29;E-COMMERCE
2026-05-01;2698;8888;18557,88;FORÇA DE VENDAS
2026-05-01;2394;2727;6751,42;TELEMARKETING
2026-05-01;2069;1533;1404,8;TELEMARKETING
2026-05-01;949;1258;747,92;TELEMARKETING
2026-05-01;1823;8888;272,77;FORÇA DE VENDAS
2026-05-01;2709;315;24,13;TELEMARKETING
2026-05-01;2709;8888;1218,88;FORÇA DE VENDAS
2026-05-01;2472;8888;3002,93;FORÇA DE VENDAS
2026-05-01;2606;8888;3954,38;FORÇA DE VENDAS
2026-05-01;1876;8888;3450,92;FORÇA DE VENDAS
2026-05-01;2568;2727;5393,02;TELEMARKETING
2026-05-01;2568;1762;1212,62;TELEMARKETING
2026-05-01;1956;8888;3691,98;FORÇA DE VENDAS
2026-05-01;951;8888;8076,41;FORÇA DE VENDAS
2026-05-01;424;8888;1004,74;E-COMMERCE
2026-05-01;2732;519;422,41;TELEMARKETING
2026-05-01;415;2845;233,44;TELEMARKETING
2026-05-01;33;8888;32086,14;FORÇA DE VENDAS
2026-05-01;33;1533;1053,6;TELEMARKETING
2026-05-01;452;8888;10533,19;FORÇA DE VENDAS
2026-05-01;2708;1929;1519,68;TELEMARKETING
2026-05-01;2421;8888;2886,7;FORÇA DE VENDAS
2026-05-01;595;738;772,75;TELEMARKETING
2026-05-01;1116;8888;7133,5;FORÇA DE VENDAS
2026-05-01;2745;8888;471,64;E-COMMERCE
2026-05-01;1492;8888;349,7;FORÇA DE VENDAS
2026-05-01;1340;8888;369,38;E-COMMERCE
2026-05-01;2019;977;2186,18;TELEMARKETING
2026-05-01;2706;1953;2188,08;TELEMARKETING
2026-05-01;2449;8888;5830,92;FORÇA DE VENDAS
2026-05-01;2726;977;2854,51;TELEMARKETING
2026-05-01;2726;1929;16,9;TELEMARKETING
2026-05-01;1499;8888;82,98;E-COMMERCE
2026-05-01;89;8888;1066,33;E-COMMERCE
2026-05-01;2698;8888;47,65;E-COMMERCE
2026-05-01;2376;213;33423,15;TELEMARKETING
2026-05-01;1289;8888;13542,88;FORÇA DE VENDAS
2026-05-01;2588;738;4214,4;TELEMARKETING
2026-05-01;2491;8888;109,0;E-COMMERCE
2026-05-01;2680;8888;11391,97;FORÇA DE VENDAS
2026-05-01;2516;2090;702,4;TELEMARKETING
2026-05-01;1117;8888;4729,42;FORÇA DE VENDAS
2026-05-01;2631;1953;131,96;TELEMARKETING
2026-05-01;325;1214;380,1;TELEMARKETING
2026-05-01;1384;213;1404,8;TELEMARKETING
2026-05-01;400;8888;12400,62;FORÇA DE VENDAS
2026-05-01;1254;1953;478,96;TELEMARKETING
2026-05-01;2341;2476;89,4;TELEMARKETING
2026-05-01;2452;8888;222,58;E-COMMERCE
2026-05-01;326;1214;251,18;TELEMARKETING
2026-05-01;2245;8888;2089,91;FORÇA DE VENDAS
2026-05-01;802;738;47,97;TELEMARKETING
2026-05-01;2651;8888;389,57;E-COMMERCE
2026-05-01;2107;2088;2227,4;TELEMARKETING
2026-05-01;2276;8888;1058,38;E-COMMERCE
2026-05-01;2250;8888;2625,96;E-COMMERCE
2026-05-01;2250;58;117,06;TELEMARKETING
2026-05-01;2258;8888;358,2;FORÇA DE VENDAS
2026-05-01;325;1098;87,8;TELEMARKETING
2026-05-01;1344;738;167,72;TELEMARKETING
2026-05-01;429;2220;28,22;TELEMARKETING
2026-05-01;1298;3009;1020,72;TELEMARKETING
2026-05-01;1108;1312;2167,84;TELEMARKETING
2026-05-01;2507;874;4084,97;TELEMARKETING
2026-05-01;2507;8888;15989,29;FORÇA DE VENDAS
2026-05-01;2760;2853;527,84;TELEMARKETING
2026-05-01;1381;8888;33891,46;FORÇA DE VENDAS
2026-05-01;951;3009;526,8;TELEMARKETING
2026-05-01;1381;213;789,6;TELEMARKETING
2026-05-01;2085;1778;1764,47;TELEMARKETING
2026-05-01;2049;2090;702,4;TELEMARKETING
2026-05-01;42;8888;18129,5;FORÇA DE VENDAS
2026-05-01;2576;8888;29175,1;FORÇA DE VENDAS
2026-05-01;2687;2090;351,2;TELEMARKETING
2026-05-01;131;8888;13096,49;FORÇA DE VENDAS
2026-05-01;2660;423;665,79;TELEMARKETING
2026-05-01;767;8888;12036,32;FORÇA DE VENDAS
2026-05-01;2107;8888;51251,58;FORÇA DE VENDAS
2026-05-01;20;8888;24070,07;FORÇA DE VENDAS
2026-05-01;664;8888;1552,18;E-COMMERCE
2026-05-01;1020;8888;23673,04;FORÇA DE VENDAS
2026-05-01;952;8888;4476,68;FORÇA DE VENDAS
2026-05-01;1499;8888;149,0;FORÇA DE VENDAS
2026-05-01;541;1960;686,16;TELEMARKETING
2026-05-01;2457;8888;1025,79;E-COMMERCE
2026-05-01;326;213;2041,29;TELEMARKETING
2026-05-01;2684;519;614,68;TELEMARKETING
2026-05-01;2639;8888;1546,96;FORÇA DE VENDAS
2026-05-01;2639;2853;317,72;TELEMARKETING
2026-05-01;2000;1953;11662,09;TELEMARKETING
2026-05-01;2690;1087;7927,22;TELEMARKETING
2026-05-01;781;805;2012,6;TELEMARKETING
2026-05-01;1299;27;4545,41;TELEMARKETING
2026-05-01;2707;315;7665,16;TELEMARKETING
2026-05-01;1890;315;15437,98;TELEMARKETING
2026-05-01;2069;8888;27,09;E-COMMERCE
2026-05-01;2064;8888;496,16;E-COMMERCE
2026-05-01;2709;1898;45,99;TELEMARKETING
2026-05-01;2190;3009;702,4;TELEMARKETING
2026-05-01;2472;2983;1030,08;TELEMARKETING
2026-05-01;1293;1281;1781,83;TELEMARKETING
2026-05-01;1007;8888;22591,98;FORÇA DE VENDAS
2026-05-01;2714;8888;2156,92;FORÇA DE VENDAS
2026-05-01;1956;8888;793,2;E-COMMERCE
2026-05-01;1518;213;526,8;TELEMARKETING
2026-05-01;767;8888;3214,18;E-COMMERCE
2026-05-01;2209;8888;1357,4;E-COMMERCE
2026-05-01;1137;8888;16904,68;FORÇA DE VENDAS
2026-05-01;2510;8888;9119,92;PEDIDO ELETRÔNICO
2026-05-01;816;3009;218,25;TELEMARKETING
2026-05-01;2279;1139;193,99;TELEMARKETING
2026-05-01;1456;8888;124028,44;FORÇA DE VENDAS
2026-05-01;2728;977;2194,8;TELEMARKETING
2026-05-01;2686;2853;510,24;TELEMARKETING
2026-05-01;2686;8888;510,24;E-COMMERCE
2026-05-01;2421;3009;1265,16;TELEMARKETING
2026-05-01;429;2591;13867,74;TELEMARKETING
2026-05-01;2738;1929;179,4;TELEMARKETING
2026-05-01;2250;8888;12605,0;FORÇA DE VENDAS
2026-05-01;358;2220;5652,39;TELEMARKETING
2026-05-01;1259;8888;175,2;FORÇA DE VENDAS
2026-05-01;1539;1885;137,84;TELEMARKETING
2026-05-01;1117;1139;413,15;TELEMARKETING
2026-05-01;1465;3403;2289,45;TELEMARKETING
2026-05-01;1465;8888;824,13;E-COMMERCE
2026-05-01;2388;1899;21714,96;TELEMARKETING
2026-05-01;522;213;131,6;TELEMARKETING
2026-05-01;2363;738;1151,24;TELEMARKETING
2026-05-01;2726;8888;382,68;FORÇA DE VENDAS
2026-05-01;1299;3427;1812,52;TELEMARKETING
2026-05-01;1299;3428;16252,62;TELEMARKETING
2026-05-01;1299;58;1374,5;TELEMARKETING
2026-05-01;890;691;520,49;TELEMARKETING
2026-05-01;2745;1884;1846,17;TELEMARKETING
2026-05-01;2731;3389;53,8;TELEMARKETING
2026-05-01;2730;423;1319,6;TELEMARKETING
2026-05-01;2045;1953;5370,84;TELEMARKETING
2026-05-01;2530;874;8066,36;TELEMARKETING
2026-05-01;2530;8888;580,95;FORÇA DE VENDAS
2026-05-01;2698;2983;1105,49;TELEMARKETING
2026-05-01;2261;8888;545,68;E-COMMERCE
2026-05-01;2698;422;409,4;TELEMARKETING
2026-05-01;1756;8888;1165,3;E-COMMERCE
2026-05-01;2588;8888;9529,82;FORÇA DE VENDAS
2026-05-01;1142;8888;30,16;E-COMMERCE
2026-05-01;131;8888;587,27;E-COMMERCE
2026-05-01;1344;8888;10564,93;FORÇA DE VENDAS
2026-05-01;2711;1953;95,88;TELEMARKETING
2026-05-01;363;1954;1331,85;TELEMARKETING
2026-05-01;2516;8888;4020,0;FORÇA DE VENDAS
2026-05-01;2685;8888;275,68;FORÇA DE VENDAS
2026-05-01;2633;1953;2262,48;TELEMARKETING
2026-05-01;2463;1139;23085,16;TELEMARKETING
2026-05-01;1166;8888;26635,57;FORÇA DE VENDAS
2026-05-01;2341;8888;169,2;FORÇA DE VENDAS
2026-05-01;2082;8888;20419,91;FORÇA DE VENDAS
2026-05-01;2601;1883;5747,88;TELEMARKETING
2026-05-01;1450;8888;2955,89;E-COMMERCE
2026-05-01;326;14;244,2;TELEMARKETING
2026-05-01;2667;2853;6301,6;TELEMARKETING
2026-05-01;2667;8888;1039,8;FORÇA DE VENDAS
2026-05-01;2613;1762;76,83;TELEMARKETING
2026-05-01;2655;2183;510,12;TELEMARKETING
2026-05-01;629;8888;33805,9;FORÇA DE VENDAS
2026-05-01;629;675;459,91;TELEMARKETING
2026-05-01;1166;2185;108,42;TELEMARKETING
2026-05-01;2250;738;201,49;TELEMARKETING
2026-05-01;325;2991;87,8;TELEMARKETING
2026-05-01;325;213;74,9;TELEMARKETING
2026-05-01;1871;2661;11,98;TELEMARKETING
2026-05-01;2742;8888;53,9;FORÇA DE VENDAS
2026-05-01;2431;738;2039,4;TELEMARKETING
2026-05-01;2760;1087;791,76;TELEMARKETING
2026-05-01;2118;2983;552,4;TELEMARKETING
2026-05-01;2178;8888;12222,16;FORÇA DE VENDAS
2026-05-01;535;8888;5384,54;FORÇA DE VENDAS
2026-05-01;619;8888;7176,26;FORÇA DE VENDAS
2026-05-01;2223;2476;99,0;TELEMARKETING
2026-05-01;2163;8888;11721,25;FORÇA DE VENDAS
2026-05-01;2647;8888;62,5;FORÇA DE VENDAS
2026-05-01;2049;8888;754,08;FORÇA DE VENDAS
2026-05-01;1876;8888;22,9;E-COMMERCE
2026-05-01;438;8888;12855,78;FORÇA DE VENDAS
2026-05-01;772;8888;36538,75;FORÇA DE VENDAS
2026-05-01;949;2176;-326,19;TELEMARKETING
2026-05-01;1642;8888;1847,29;E-COMMERCE
2026-05-01;2383;8888;30613,37;FORÇA DE VENDAS
2026-05-01;2655;2985;-413,52;TELEMARKETING
2026-05-01;2697;8888;6151,97;FORÇA DE VENDAS
2026-05-01;2375;8888;23563,34;FORÇA DE VENDAS
2026-05-01;1690;691;1211,8;TELEMARKETING
2026-05-01;2457;1884;954,8;TELEMARKETING
2026-05-01;2678;1312;5207,64;TELEMARKETING
2026-05-01;2684;8888;387,82;E-COMMERCE
2026-05-01;1108;1954;394,8;TELEMARKETING
2026-05-01;2663;8888;17405,21;FORÇA DE VENDAS
2026-05-01;2663;1883;208,56;TELEMARKETING
2026-05-01;1299;2523;35309,93;TELEMARKETING
2026-05-01;2652;1883;406,64;TELEMARKETING
2026-05-01;2064;1883;4500,12;TELEMARKETING
2026-05-01;2709;2220;227,84;TELEMARKETING
2026-05-01;1713;8888;3528,2;FORÇA DE VENDAS
2026-05-01;1278;1533;1251,52;TELEMARKETING
2026-05-01;1278;8888;348,81;E-COMMERCE
2026-05-01;525;8888;16442,94;FORÇA DE VENDAS
2026-05-01;1392;8888;154,65;E-COMMERCE
2026-05-01;451;8888;8846,51;FORÇA DE VENDAS
2026-05-01;951;738;68,6;TELEMARKETING
2026-05-01;2366;422;272,67;TELEMARKETING
2026-05-01;2366;8888;991,8;E-COMMERCE
2026-05-01;1518;3009;1053,6;TELEMARKETING
2026-05-01;441;691;526,4;TELEMARKETING
2026-05-01;2655;519;4267,1;TELEMARKETING
2026-05-01;452;213;778,68;TELEMARKETING
2026-05-01;595;8888;2160,06;FORÇA DE VENDAS
2026-05-01;953;8888;6236,11;FORÇA DE VENDAS
2026-05-01;1063;3403;635,59;TELEMARKETING
2026-05-01;1539;8888;11717,56;FORÇA DE VENDAS
2026-05-01;1492;8888;53,8;E-COMMERCE
2026-05-01;1993;8888;1332,99;E-COMMERCE
2026-05-01;2705;8888;40423,28;FORÇA DE VENDAS
2026-05-01;2727;1087;1159,96;TELEMARKETING
2026-05-01;1277;213;666,8;TELEMARKETING
2026-05-01;1277;8888;2099,13;E-COMMERCE
2026-05-01;1392;2220;45,93;TELEMARKETING
2026-05-01;89;13148;26,01;TELEMARKETING
2026-05-01;2730;8888;53,7;FORÇA DE VENDAS
2026-05-01;1466;8888;6122,88;FORÇA DE VENDAS
2026-05-01;2325;1778;7866,85;TELEMARKETING
2026-05-01;2146;2661;39,8;TELEMARKETING
2026-05-01;2491;874;4202,88;TELEMARKETING
2026-05-01;1756;8888;15315,76;FORÇA DE VENDAS
2026-05-01;1478;8888;6641,23;FORÇA DE VENDAS
2026-05-01;2588;691;5135,18;TELEMARKETING
2026-05-01;2510;1762;14010,29;TELEMARKETING
2026-05-01;1142;1762;872,92;TELEMARKETING
2026-05-01;2392;1778;2928,97;TELEMARKETING
2026-05-01;2392;1762;2327,35;TELEMARKETING
2026-05-01;2657;8888;23716,25;FORÇA DE VENDAS
2026-05-01;2657;2853;1678,12;TELEMARKETING
2026-05-01;1304;213;1416,68;TELEMARKETING
2026-05-01;772;8888;7323,18;E-COMMERCE
2026-05-01;14;805;4407,56;TELEMARKETING
2026-05-01;14;691;1053,6;TELEMARKETING
2026-05-01;14;1533;1053,6;TELEMARKETING
2026-05-01;2696;8888;47439,28;FORÇA DE VENDAS
2026-05-01;634;8888;4416,92;FORÇA DE VENDAS
2026-05-01;20;2845;269,64;TELEMARKETING
2026-05-01;20;3009;371,12;TELEMARKETING
2026-05-01;2588;8888;1684,47;E-COMMERCE
2026-05-01;363;8888;9339,7;FORÇA DE VENDAS
2026-05-01;2567;1778;1188,3;TELEMARKETING
2026-05-01;1983;8888;7056,41;FORÇA DE VENDAS
2026-05-01;443;1533;881,94;TELEMARKETING
2026-05-01;1993;8888;3883,6;FORÇA DE VENDAS
2026-05-01;1254;2853;2610,2;TELEMARKETING
2026-05-01;2276;8888;704,5;FORÇA DE VENDAS
2026-05-01;2405;8888;190,63;E-COMMERCE
2026-05-01;2245;8888;854,96;E-COMMERCE
2026-05-01;1293;2571;370,04;TELEMARKETING
2026-05-01;1075;805;119,68;TELEMARKETING
2026-05-01;2571;2088;4980,03;TELEMARKETING
2026-05-01;2571;8888;1302,63;FORÇA DE VENDAS
2026-05-01;2359;874;9464,03;TELEMARKETING
2026-05-01;2197;8888;33714,4;FORÇA DE VENDAS
2026-05-01;2544;8888;107,6;FORÇA DE VENDAS
2026-05-01;1873;519;795,68;TELEMARKETING
2026-05-01;2735;8888;3976,21;FORÇA DE VENDAS
2026-05-01;1907;1778;12,0;TELEMARKETING
2026-05-01;360;2220;1495,67;TELEMARKETING
2026-05-01;2185;8888;19,39;E-COMMERCE
2026-05-01;2760;8888;1575,56;FORÇA DE VENDAS
2026-05-01;619;1139;58,69;TELEMARKETING
2026-05-01;1344;8888;132,76;E-COMMERCE
2026-05-01;2223;8888;119,3;FORÇA DE VENDAS
2026-05-01;2298;675;65,23;TELEMARKETING
2026-05-01;2049;8888;693,86;E-COMMERCE
2026-05-01;2114;422;2177,32;TELEMARKETING
2026-05-01;1834;8888;610,44;FORÇA DE VENDAS
2026-05-01;2723;2185;68,7;TELEMARKETING
2026-05-01;2190;8888;14747,06;FORÇA DE VENDAS
2026-05-01;1374;8888;13594,52;FORÇA DE VENDAS
2026-05-01;2606;2727;5618,78;TELEMARKETING
2026-05-01;104;2103;-79,1;TELEMARKETING
2026-05-01;2730;1960;-1790,72;TELEMARKETING
2026-05-01;1853;2062;-199,96;TELEMARKETING
2026-05-01;2621;8888;964,88;FORÇA DE VENDAS
2026-05-01;2684;1885;2977,15;TELEMARKETING
2026-05-01;781;8888;6979,23;FORÇA DE VENDAS
2026-05-01;2145;2661;13,0;TELEMARKETING
2026-05-01;783;2845;391,92;TELEMARKETING
2026-05-01;2652;2183;413,52;TELEMARKETING
2026-05-01;531;691;5727,6;TELEMARKETING
2026-05-01;1585;1762;18039,98;TELEMARKETING
2026-05-01;1255;3406;1053,6;TELEMARKETING
2026-05-01;2692;1281;9,9;TELEMARKETING
2026-05-01;2472;2853;3296,27;TELEMARKETING
2026-05-01;1278;8888;3654,39;FORÇA DE VENDAS
2026-05-01;1317;3179;10885,5;TELEMARKETING
2026-05-01;1259;8888;413,52;E-COMMERCE
2026-05-01;525;1087;4585,76;TELEMARKETING
2026-05-01;1956;672;10933,14;TELEMARKETING
2026-05-01;2411;2476;39,6;TELEMARKETING
2026-05-01;1518;1533;6767,73;TELEMARKETING
2026-05-01;767;1087;127,56;TELEMARKETING
2026-05-01;353;8888;5286,89;FORÇA DE VENDAS
2026-05-01;1137;2220;589,44;TELEMARKETING
2026-05-01;2732;8888;1476,83;FORÇA DE VENDAS
2026-05-01;2211;8888;63517,0;FORÇA DE VENDAS
2026-05-01;33;3009;1404,8;TELEMARKETING
2026-05-01;33;841;752,28;TELEMARKETING
2026-05-01;452;2845;413,95;TELEMARKETING
2026-05-01;609;3179;2289,38;TELEMARKETING
2026-05-01;609;1929;765,36;TELEMARKETING
2026-05-01;595;8888;576,22;E-COMMERCE
2026-05-01;595;691;2719,58;TELEMARKETING
2026-05-01;1063;8888;8099,16;FORÇA DE VENDAS
2026-05-01;559;8888;7121,62;FORÇA DE VENDAS
2026-05-01;1259;1885;288,98;TELEMARKETING
2026-05-01;1340;805;169,17;TELEMARKETING
2026-05-01;1324;8888;6936,98;FORÇA DE VENDAS
2026-05-01;1465;8888;30844,92;FORÇA DE VENDAS
2026-05-01;530;8888;85,5;FORÇA DE VENDAS
2026-05-01;2449;3009;2652,28;TELEMARKETING
2026-05-01;2490;1884;2154,92;TELEMARKETING
2026-05-01;2363;8888;10263,14;FORÇA DE VENDAS
2026-05-01;1499;2185;53,8;TELEMARKETING
2026-05-01;1499;3390;2690,0;TELEMARKETING
2026-05-01;1466;519;308,14;TELEMARKETING
2026-05-01;1392;422;425,19;TELEMARKETING
2026-05-01;443;8888;160,78;E-COMMERCE
2026-05-01;2745;8888;449,72;FORÇA DE VENDAS
2026-05-01;2363;3009;8705,2;TELEMARKETING
2026-05-01;1873;8888;18766,34;FORÇA DE VENDAS
2026-05-01;2325;2727;212,17;TELEMARKETING
2026-05-01;2261;8888;599,1;FORÇA DE VENDAS
2026-05-01;1996;738;541,46;TELEMARKETING
2026-05-01;1308;1954;272,59;TELEMARKETING
2026-05-01;285;8888;1422,45;E-COMMERCE
2026-05-01;2491;2571;1091,06;TELEMARKETING
2026-05-01;14;8888;13325,53;FORÇA DE VENDAS
2026-05-01;14;213;1053,6;TELEMARKETING
2026-05-01;2383;874;293,64;TELEMARKETING
2026-05-01;2680;874;1689,34;TELEMARKETING
2026-05-01;1869;8888;27636,75;FORÇA DE VENDAS
2026-05-01;2442;738;4903,15;TELEMARKETING
2026-05-01;1064;27;2183,61;TELEMARKETING
2026-05-01;1064;8888;8292,4;FORÇA DE VENDAS
2026-05-01;1907;8888;325,08;E-COMMERCE
2026-05-01;363;1898;6542,36;TELEMARKETING
2026-05-01;363;8888;524,0;E-COMMERCE
2026-05-01;2685;2184;316,84;TELEMARKETING
2026-05-01;952;1884;259,6;TELEMARKETING
2026-05-01;58;8888;23477,72;FORÇA DE VENDAS
2026-05-01;325;14;126,13;TELEMARKETING
2026-05-01;443;8888;1130,8;FORÇA DE VENDAS
2026-05-01;1166;2184;995,28;TELEMARKETING
2026-05-01;1983;841;233,57;TELEMARKETING
2026-05-01;1254;2101;5794,8;TELEMARKETING
2026-05-01;675;8888;5218,58;FORÇA DE VENDAS
2026-05-01;675;2571;1476,98;TELEMARKETING
2026-05-01;2376;3394;1506,88;TELEMARKETING
2026-05-01;1450;1778;2014,93;TELEMARKETING
2026-05-01;2362;8888;8237,99;FORÇA DE VENDAS
2026-05-01;1372;8888;23602,34;FORÇA DE VENDAS
2026-05-01;818;8888;55077,06;FORÇA DE VENDAS
2026-05-01;2359;8888;10900,46;FORÇA DE VENDAS
2026-05-01;483;8888;12641,85;FORÇA DE VENDAS
2026-05-01;2308;2220;39,6;TELEMARKETING
2026-05-01;629;8888;1799,49;E-COMMERCE
2026-05-01;2250;3403;108,75;TELEMARKETING
2026-05-01;360;546;15776,67;TELEMARKETING
2026-05-01;325;315;6,0;TELEMARKETING
2026-05-01;2516;8888;207,84;E-COMMERCE
2026-05-01;2744;8888;15,9;FORÇA DE VENDAS
2026-05-01;2185;8888;14664,74;FORÇA DE VENDAS
2026-05-01;2428;8888;3783,06;FORÇA DE VENDAS
2026-05-01;2758;2185;26,9;TELEMARKETING
2026-05-01;1478;8888;59,4;E-COMMERCE
2026-05-01;2375;1883;336,65;TELEMARKETING
2026-05-01;1869;8888;431,26;E-COMMERCE
2026-05-01;1937;8888;515,94;E-COMMERCE
2026-05-01;2085;8888;15067,33;FORÇA DE VENDAS
2026-05-01;2049;1087;3654,64;TELEMARKETING
2026-05-01;2696;2591;4794,6;TELEMARKETING
2026-05-01;1501;8888;6912,31;FORÇA DE VENDAS
2026-05-01;2687;1929;3397,2;TELEMARKETING
2026-05-01;2577;2983;-125,96;TELEMARKETING
2026-05-01;2045;1960;-407,04;TELEMARKETING
2026-05-01;2567;8888;17683,08;FORÇA DE VENDAS
2026-05-01;1142;8888;46786,7;FORÇA DE VENDAS
2026-05-01;2577;2101;-1902,6;TELEMARKETING
2026-05-01;2733;8888;428,11;FORÇA DE VENDAS
2026-05-01;2019;8888;12613,06;FORÇA DE VENDAS
2026-05-01;1906;8888;19742,42;FORÇA DE VENDAS
2026-05-01;358;546;15518,24;TELEMARKETING
2026-05-01;1301;805;19,56;TELEMARKETING
2026-05-01;1427;3009;2415,94;TELEMARKETING
2026-05-01;716;2184;407,92;TELEMARKETING
2026-05-01;2639;1953;3520,44;TELEMARKETING
2026-05-01;2690;8888;659,8;FORÇA DE VENDAS
2026-05-01;2663;2184;2045,31;TELEMARKETING
2026-05-01;2707;1953;746,78;TELEMARKETING
2026-05-01;2069;8888;32263,19;FORÇA DE VENDAS
2026-05-01;2064;8888;4073,96;FORÇA DE VENDAS
2026-05-01;1823;2220;635,59;TELEMARKETING
2026-05-01;1823;546;9,9;TELEMARKETING
2026-05-01;2365;2494;300,0;TELEMARKETING
2026-05-01;1293;8888;7314,53;FORÇA DE VENDAS
2026-05-01;525;8888;2382,15;E-COMMERCE
2026-05-01;1653;2220;59,4;TELEMARKETING
2026-05-01;951;8888;4151,72;E-COMMERCE
2026-05-01;1137;8888;4921,39;E-COMMERCE
2026-05-01;1518;8888;8049,88;FORÇA DE VENDAS
2026-05-01;353;3179;3509,54;TELEMARKETING
2026-05-01;1137;422;7846,3;TELEMARKETING
2026-05-01;2109;8888;3121,4;FORÇA DE VENDAS
2026-05-01;1254;315;2448,84;TELEMARKETING
2026-05-01;441;8888;76343,6;FORÇA DE VENDAS
2026-05-01;415;738;267,72;TELEMARKETING
2026-05-01;2279;8888;2273,33;FORÇA DE VENDAS
2026-05-01;2211;874;7371,86;TELEMARKETING
2026-05-01;2655;1885;11,56;TELEMARKETING
2026-05-01;2686;1929;3419,34;TELEMARKETING
2026-05-01;609;8888;1431,71;E-COMMERCE
2026-05-01;1116;13148;2389,0;TELEMARKETING
2026-05-01;351;8888;394,8;E-COMMERCE
2026-05-01;2635;1884;33,68;TELEMARKETING
2026-05-01;1539;2185;696,24;TELEMARKETING
2026-05-01;1259;3389;320,4;TELEMARKETING
2026-05-01;2705;1762;10572,77;TELEMARKETING
2026-05-01;571;8888;1629,08;E-COMMERCE
2026-05-01;2388;1884;2638,72;TELEMARKETING
2026-05-01;522;8888;16817,71;FORÇA DE VENDAS
2026-05-01;2716;8888;263,92;E-COMMERCE
2026-05-01;2363;213;526,8;TELEMARKETING
2026-05-01;1756;27;1242,43;TELEMARKETING
2026-05-01;1063;8888;513,1;E-COMMERCE
2026-05-01;1308;1312;4316,17;TELEMARKETING
2026-05-01;1308;8888;24311,59;FORÇA DE VENDAS
2026-05-01;1289;1929;2020,76;TELEMARKETING
2026-05-01;285;805;5837,82;TELEMARKETING
2026-05-01;1142;1778;4222,34;TELEMARKETING
2026-05-01;2015;8888;2080,19;E-COMMERCE
2026-05-01;2735;8888;2140,8;E-COMMERCE
2026-05-01;131;27;439,17;TELEMARKETING
2026-05-01;285;8888;13505,26;FORÇA DE VENDAS
2026-05-01;132;8888;830,95;E-COMMERCE
2026-05-01;2711;8888;139,96;E-COMMERCE
2026-05-01;2711;315;273,48;TELEMARKETING
2026-05-01;1907;2727;1858,18;TELEMARKETING
2026-05-01;400;213;89,88;TELEMARKETING
2026-05-01;2601;8888;6150,64;FORÇA DE VENDAS
2026-05-01;1642;8888;12160,71;FORÇA DE VENDAS
2026-05-01;2276;2476;59,7;TELEMARKETING
2026-05-01;2660;8888;8408,22;FORÇA DE VENDAS
2026-05-01;2660;8888;872,9;E-COMMERCE
2026-05-01;2362;3009;142,77;TELEMARKETING
2026-05-01;2651;58;67,55;TELEMARKETING
2026-05-01;2653;1884;137,84;TELEMARKETING
2026-05-01;424;3009;526,8;TELEMARKETING
2026-05-01;2197;423;3564,85;TELEMARKETING
2026-05-01;2114;1312;16434,98;TELEMARKETING
2026-05-01;2114;8888;69885,08;FORÇA DE VENDAS
2026-05-01;2133;2845;2278,26;TELEMARKETING
2026-05-01;2185;874;21435,24;TELEMARKETING
2026-05-01;1108;874;3089,76;TELEMARKETING
2026-05-01;2375;1884;89,21;TELEMARKETING
2026-05-01;619;8888;79,17;E-COMMERCE
2026-05-01;483;841;131,6;TELEMARKETING
2026-05-01;2601;8888;275,68;E-COMMERCE
2026-05-01;1834;2661;65,94;TELEMARKETING
2026-05-01;2577;8888;33914,86;FORÇA DE VENDAS
2026-05-01;2631;2853;3060,44;TELEMARKETING
2026-05-01;2538;1953;3160,88;TELEMARKETING
2026-05-01;2209;738;8046,35;TELEMARKETING
2026-05-01;2413;2727;856,61;TELEMARKETING
2026-05-01;2599;8888;14136,06;FORÇA DE VENDAS
2026-05-01;2673;1884;24,98;TELEMARKETING
2026-05-01;2045;2853;12813,84;TELEMARKETING
2026-05-01;2707;2853;758,28;TELEMARKETING
2026-05-01;2069;691;2809,6;TELEMARKETING
2026-05-01;2433;8888;1632,88;FORÇA DE VENDAS
2026-05-01;1632;8888;3282,85;FORÇA DE VENDAS
2026-05-01;360;8888;2844,29;E-COMMERCE
2026-05-01;2064;2184;1112,02;TELEMARKETING
2026-05-01;2697;1312;3732,51;TELEMARKETING
2026-05-01;2494;8888;53,8;FORÇA DE VENDAS
2026-05-01;2440;8888;16379,93;FORÇA DE VENDAS
2026-05-01;1384;691;1685,89;TELEMARKETING
2026-05-01;1653;1281;9746,84;TELEMARKETING
2026-05-01;1384;8888;1363,71;E-COMMERCE
2026-05-01;2089;1533;7389,4;TELEMARKETING
2026-05-01;816;2845;2107,2;TELEMARKETING
2026-05-01;1876;977;10279,51;TELEMARKETING
2026-05-01;415;691;2182,59;TELEMARKETING
2026-05-01;2375;8888;5583,29;E-COMMERCE
2026-05-01;33;738;2809,6;TELEMARKETING
2026-05-01;358;8888;12090,98;FORÇA DE VENDAS
2026-05-01;452;8888;20507,95;E-COMMERCE
2026-05-01;609;8888;27405,38;FORÇA DE VENDAS
2026-05-01;2729;1884;59,7;TELEMARKETING
2026-05-01;1116;8888;689,34;E-COMMERCE
2026-05-01;2635;8888;8792,37;FORÇA DE VENDAS
2026-05-01;2019;8888;3868,7;E-COMMERCE
2026-05-01;2026;8888;1146,9;E-COMMERCE
2026-05-01;2490;1883;453,0;TELEMARKETING
2026-05-01;2490;8888;110,4;E-COMMERCE
2026-05-01;2363;8888;2745,96;E-COMMERCE
2026-05-01;351;738;303,88;TELEMARKETING
2026-05-01;325;8888;4138,09;E-COMMERCE
2026-05-01;1632;8888;2155,56;E-COMMERCE
2026-05-01;535;422;2978,85;TELEMARKETING
2026-05-01;2015;2220;450,34;TELEMARKETING
2026-05-01;2657;8888;2856,8;E-COMMERCE
2026-05-01;2124;8888;348,77;E-COMMERCE
2026-05-01;1869;2845;4199,04;TELEMARKETING
2026-05-01;2000;2983;3336,4;TELEMARKETING
2026-05-01;443;691;251,6;TELEMARKETING
2026-05-01;477;58;471,33;TELEMARKETING
2026-05-01;949;998;15,93;TELEMARKETING
2026-05-01;1642;2184;2163,96;TELEMARKETING
2026-05-01;2431;8888;1222,29;E-COMMERCE
2026-05-01;2178;8888;583,52;E-COMMERCE
2026-05-01;559;8888;484,37;E-COMMERCE
2026-05-01;2660;3411;382,68;TELEMARKETING
2026-05-01;802;8888;3133,43;FORÇA DE VENDAS
2026-05-01;818;519;5639,85;TELEMARKETING
2026-05-01;1890;2853;21799,35;TELEMARKETING
2026-05-01;2251;8888;849,94;E-COMMERCE
2026-05-01;2308;315;1003,6;TELEMARKETING
2026-05-01;1873;2184;186,36;TELEMARKETING
2026-05-01;1658;8888;484,67;FORÇA DE VENDAS
2026-05-01;2735;2183;291,66;TELEMARKETING
2026-05-01;2735;1899;2648,0;TELEMARKETING
2026-05-01;2133;691;1091,33;TELEMARKETING
2026-05-01;854;8888;8388,44;FORÇA DE VENDAS
2026-05-01;2753;8888;2347,2;FORÇA DE VENDAS
2026-05-01;2753;1884;1337,2;TELEMARKETING
2026-05-01;2516;1087;2021,4;TELEMARKETING
2026-05-01;2431;2845;200,25;TELEMARKETING
2026-05-01;1317;315;3682,68;TELEMARKETING
2026-05-01;1289;8888;468,86;E-COMMERCE
2026-05-01;571;8888;13427,22;FORÇA DE VENDAS
2026-05-01;2496;1883;21,56;TELEMARKETING
2026-05-01;360;422;750,83;TELEMARKETING
2026-05-01;2725;1885;53,8;TELEMARKETING
2026-05-01;2199;1898;1431,16;TELEMARKETING
2026-05-01;2576;2571;2306,7;TELEMARKETING
2026-05-01;1293;2549;75,67;TELEMARKETING
2026-05-01;2687;8888;9220,12;FORÇA DE VENDAS
2026-05-01;2081;8888;17425,59;FORÇA DE VENDAS
2026-05-01;2655;8888;7208,58;FORÇA DE VENDAS
2026-05-01;1890;2095;-2207,22;TELEMARKETING
2026-05-01;890;8888;68571,67;FORÇA DE VENDAS
2026-05-01;2711;8888;24318,54;FORÇA DE VENDAS
2026-05-01;768;8888;-35,96;E-COMMERCE
2026-05-01;1846;672;8120,64;TELEMARKETING
2026-05-01;2545;8888;2466,81;FORÇA DE VENDAS
2026-05-01;450;672;139,96;TELEMARKETING
2026-05-01;1427;841;655,12;TELEMARKETING
2026-05-01;27;8888;5452,75;FORÇA DE VENDAS
2026-05-01;2671;1884;558,4;TELEMARKETING
2026-05-01;2491;1954;1700,37;TELEMARKETING
2026-05-01;2491;8888;18239,01;FORÇA DE VENDAS
2026-05-01;2491;1312;9596,29;TELEMARKETING
2026-05-01;2698;874;7609,35;TELEMARKETING
2026-05-01;2433;2845;1273,51;TELEMARKETING
2026-05-01;2433;213;648,9;TELEMARKETING
2026-05-01;2528;672;2798,54;TELEMARKETING
2026-05-01;2365;8888;101,4;FORÇA DE VENDAS
2026-05-01;952;1899;551,36;TELEMARKETING
2026-05-01;2190;691;4310,27;TELEMARKETING
2026-05-01;1102;8888;5615,13;FORÇA DE VENDAS
2026-05-01;1317;8888;297,76;E-COMMERCE
2026-05-01;424;8888;1944,17;FORÇA DE VENDAS
2026-05-01;2081;738;658,0;TELEMARKETING
2026-05-01;2568;8888;13245,41;FORÇA DE VENDAS
2026-05-01;2568;8888;361,28;E-COMMERCE
2026-05-01;326;8888;5276,78;E-COMMERCE
2026-05-01;2366;2220;35,47;TELEMARKETING
2026-05-01;1374;213;268,64;TELEMARKETING
2026-05-01;945;8888;5947,65;PEDIDO ELETRÔNICO
2026-05-01;634;213;2107,2;TELEMARKETING
2026-05-01;353;8888;3567,6;E-COMMERCE
2026-05-01;2209;691;702,4;TELEMARKETING
2026-05-01;816;8888;36263,26;FORÇA DE VENDAS
2026-05-01;452;691;526,8;TELEMARKETING
2026-05-01;429;8888;25006,53;FORÇA DE VENDAS
2026-05-01;429;1281;941,18;TELEMARKETING
2026-05-01;2737;8888;321,44;FORÇA DE VENDAS
2026-05-01;40;58;2393,52;TELEMARKETING
2026-05-01;40;8888;4727,77;FORÇA DE VENDAS
2026-05-01;2333;2494;81,5;TELEMARKETING
2026-05-01;2718;1884;567,36;TELEMARKETING
2026-05-01;2635;8888;451,91;E-COMMERCE
2026-05-01;132;691;2171,24;TELEMARKETING
2026-05-01;2183;8888;673,0;FORÇA DE VENDAS
2026-05-01;2183;2661;71,4;TELEMARKETING
2026-05-01;663;8888;36936,81;FORÇA DE VENDAS
2026-05-01;1117;8888;1804,9;E-COMMERCE
2026-05-01;1324;3009;768,52;TELEMARKETING
2026-05-01;2490;8888;275,68;FORÇA DE VENDAS
2026-05-01;351;3009;5380,48;TELEMARKETING
2026-05-01;351;8888;5652,1;FORÇA DE VENDAS
2026-05-01;2731;2184;1153,2;TELEMARKETING
2026-05-01;1166;8888;769,36;E-COMMERCE
2026-05-01;2613;8888;16077,21;FORÇA DE VENDAS
2026-05-01;2118;8888;326,52;E-COMMERCE
2026-05-01;2588;213;2159,6;TELEMARKETING
2026-05-01;2588;2845;526,8;TELEMARKETING
2026-05-01;2015;2571;5766,66;TELEMARKETING
2026-05-01;131;3403;47,87;TELEMARKETING
2026-05-01;634;8888;666,72;E-COMMERCE
2026-05-01;703;8888;4053,0;E-COMMERCE
2026-05-01;703;2845;526,8;TELEMARKETING
2026-05-01;2567;1762;3986,85;TELEMARKETING
2026-05-01;2567;8888;241,19;E-COMMERCE
2026-05-01;2463;8888;422,49;E-COMMERCE
2026-05-01;477;8888;5947,4;FORÇA DE VENDAS
2026-05-01;2082;1762;6480,93;TELEMARKETING
2026-05-01;675;1898;1406,39;TELEMARKETING
2026-05-01;326;1098;15,95;TELEMARKETING
2026-05-01;636;8888;8089,16;FORÇA DE VENDAS
2026-05-01;2651;8888;5262,01;FORÇA DE VENDAS
2026-05-01;2402;8888;57179,0;FORÇA DE VENDAS
2026-05-01;818;1885;172,81;TELEMARKETING
2026-05-01;1075;8888;29779,05;FORÇA DE VENDAS
2026-05-01;2392;8888;885,34;E-COMMERCE
2026-05-01;2571;1312;3911,07;TELEMARKETING
2026-05-01;2571;8888;436,3;E-COMMERCE
2026-05-01;1658;691;62,9;TELEMARKETING
2026-05-01;2607;8888;5301,42;FORÇA DE VENDAS
2026-05-01;2607;1953;994,36;TELEMARKETING
2026-05-01;360;8888;11006,19;FORÇA DE VENDAS
2026-05-01;2114;1954;7193,62;TELEMARKETING
2026-05-01;58;675;239,92;TELEMARKETING
2026-05-01;1108;8888;16,29;E-COMMERCE
2026-05-01;2249;8888;613,54;E-COMMERCE
2026-05-01;2674;2184;483,16;TELEMARKETING
2026-05-01;353;2090;1004,34;TELEMARKETING
2026-05-01;535;8888;787,36;E-COMMERCE
2026-05-01;2696;2088;3356,55;TELEMARKETING
2026-05-01;2694;1883;107,6;TELEMARKETING
2026-05-01;2687;1087;817,44;TELEMARKETING
2026-05-01;2687;8888;195,96;E-COMMERCE
2026-05-01;610;8888;13959,11;FORÇA DE VENDAS
2026-05-01;89;8888;-8242,73;FORÇA DE VENDAS
2026-05-01;2448;8888;21267,8;FORÇA DE VENDAS
2026-05-01;1392;2752;-1065,64;TELEMARKETING
2026-05-01;2686;8888;131,6;FORÇA DE VENDAS
2026-05-01;2000;8888;765,36;FORÇA DE VENDAS
2026-05-01;1166;1884;3757,25;TELEMARKETING
2026-05-01;2510;8888;124240,52;FORÇA DE VENDAS
2026-05-01;2133;8888;5535,72;FORÇA DE VENDAS
2026-05-01;104;3394;-2120,58;TELEMARKETING
2026-05-01;2249;8888;40422,15;FORÇA DE VENDAS
2026-05-01;2597;519;13921,46;TELEMARKETING
2026-05-01;664;8888;11817,25;FORÇA DE VENDAS
2026-05-01;675;8888;204,75;E-COMMERCE
2026-05-01;1254;8888;15744,76;FORÇA DE VENDAS
2026-05-01;104;8888;34256,12;FORÇA DE VENDAS
2026-05-01;132;8888;33014,24;FORÇA DE VENDAS
2026-05-01;2388;8888;-99,43;E-COMMERCE
2026-05-01;2118;1954;3022,47;TELEMARKETING
2026-05-01;2722;1899;89,88;TELEMARKETING
2026-05-01;27;8888;267,38;E-COMMERCE
2026-05-01;2621;1884;283,68;TELEMARKETING
2026-05-01;716;1885;505,04;TELEMARKETING
2026-05-01;2671;1883;70,68;TELEMARKETING
2026-05-01;2684;8888;6957,87;FORÇA DE VENDAS
2026-05-01;2659;8888;1557,75;FORÇA DE VENDAS
2026-05-01;1203;738;656,66;TELEMARKETING
2026-05-01;2330;1954;2895,83;TELEMARKETING
2026-05-01;2330;8888;381,74;E-COMMERCE
2026-05-01;1450;8888;31743,41;FORÇA DE VENDAS
2026-05-01;2325;8888;42715,91;FORÇA DE VENDAS
2026-05-01;2663;1885;827,04;TELEMARKETING
2026-05-01;2045;315;23487,32;TELEMARKETING
2026-05-01;2652;8888;806,12;FORÇA DE VENDAS
2026-05-01;2394;8888;9475,43;FORÇA DE VENDAS
2026-05-01;1299;2522;365,23;TELEMARKETING
2026-05-01;531;738;5794,8;TELEMARKETING
2026-05-01;1890;1953;15197,36;TELEMARKETING
2026-05-01;2707;8888;3293,18;FORÇA DE VENDAS
2026-05-01;1906;1954;556,36;TELEMARKETING
2026-05-01;1585;8888;284,41;E-COMMERCE
2026-05-01;1632;423;7652,35;TELEMARKETING
2026-05-01;1823;8888;3699,21;E-COMMERCE
2026-05-01;580;8888;19413,36;FORÇA DE VENDAS
2026-05-01;890;1533;1908,24;TELEMARKETING
2026-05-01;1293;8888;4957,0;E-COMMERCE
2026-05-01;1317;8888;7796,78;FORÇA DE VENDAS
2026-05-01;818;8888;910,15;E-COMMERCE
2026-05-01;2606;1762;839,02;TELEMARKETING
2026-05-01;1653;8888;4632,07;FORÇA DE VENDAS
2026-05-01;1853;8888;12292,5;FORÇA DE VENDAS
2026-05-01;451;3403;1145,23;TELEMARKETING
2026-05-01;1907;8888;58127,32;FORÇA DE VENDAS
2026-05-01;2366;8888;6737,27;FORÇA DE VENDAS
2026-05-01;949;1134;73,16;TELEMARKETING
2026-05-01;1906;546;276,16;TELEMARKETING
2026-05-01;941;8888;255,96;E-COMMERCE
2026-05-01;1075;8888;2912,77;E-COMMERCE
2026-05-01;2580;315;3333,56;TELEMARKETING
2026-05-01;2708;8888;5896,38;FORÇA DE VENDAS
2026-05-01;2742;1899;215,2;TELEMARKETING
2026-05-01;2635;519;289,0;TELEMARKETING
2026-05-01;1539;2184;1175,76;TELEMARKETING
2026-05-01;1340;8888;13528,41;FORÇA DE VENDAS
2026-05-01;1340;2845;442,68;TELEMARKETING
2026-05-01;1277;8888;20393,87;FORÇA DE VENDAS
2026-05-01;2726;8888;203,66;E-COMMERCE
2026-05-01;1642;1884;34,68;TELEMARKETING
2026-05-01;2730;672;1200,18;TELEMARKETING
2026-05-01;2539;3009;3914,82;TELEMARKETING
2026-05-01;2133;8888;752,2;E-COMMERCE
2026-05-01;1063;3427;36,94;TELEMARKETING
2026-05-01;1518;8888;937,82;E-COMMERCE
2026-05-01;2015;8888;20188,49;FORÇA DE VENDAS
2026-05-01;2419;8888;2046,64;FORÇA DE VENDAS
2026-05-01;2392;8888;5144,87;FORÇA DE VENDAS
2026-05-01;2124;8888;24992,98;FORÇA DE VENDAS
2026-05-01;1869;3009;878,0;TELEMARKETING
2026-05-01;451;8888;1048,59;E-COMMERCE
2026-05-01;1064;8888;176,41;E-COMMERCE
2026-05-01;2250;27;519,55;TELEMARKETING
2026-05-01;531;8888;2292,68;E-COMMERCE
2026-05-01;610;8888;1943,3;E-COMMERCE
2026-05-01;1384;1533;8780,0;TELEMARKETING
2026-05-01;477;805;249,97;TELEMARKETING
2026-05-01;636;2571;918,62;TELEMARKETING
2026-05-01;1381;8888;1398,5;E-COMMERCE
2026-05-01;2674;1883;64,68;TELEMARKETING
2026-05-01;2660;2983;702,4;TELEMARKETING
2026-05-01;2107;2591;4913,38;TELEMARKETING
2026-05-01;2359;8888;1448,71;E-COMMERCE
2026-05-01;2308;8888;6361,36;FORÇA DE VENDAS
2026-05-01;569;8888;59,4;E-COMMERCE
2026-05-01;947;8888;1797,59;PEDIDO ELETRÔNICO
2026-05-01;522;8888;148,44;E-COMMERCE
2026-05-01;2394;8888;576,67;E-COMMERCE
2026-05-01;1478;675;3635,45;TELEMARKETING
2026-05-01;2674;2985;26,9;TELEMARKETING
2026-05-01;2118;2591;5242,29;TELEMARKETING
2026-05-01;2178;2845;2809,6;TELEMARKETING
2026-05-01;2190;8888;131,6;E-COMMERCE
2026-05-01;1937;675;54,32;TELEMARKETING
2026-05-01;1937;8888;3149,9;FORÇA DE VENDAS
2026-05-01;1317;423;1547,76;TELEMARKETING
2026-05-01;2696;1954;813,68;TELEMARKETING
2026-05-01;2107;1954;5868,85;TELEMARKETING
2026-05-01;360;1281;835,37;TELEMARKETING
2026-05-01;2576;1954;354,43;TELEMARKETING
2026-06-01;2657;8888;2690,19;E-COMMERCE
2026-06-01;2109;2220;53,21;TELEMARKETING
2026-06-01;441;8888;66804,99;FORÇA DE VENDAS
2026-06-01;2015;2571;4774,46;TELEMARKETING
2026-06-01;2652;8888;2880,58;FORÇA DE VENDAS
2026-06-01;1906;8888;12928,05;FORÇA DE VENDAS
2026-06-01;2375;1884;1014,04;TELEMARKETING
2026-06-01;452;213;1257,92;TELEMARKETING
2026-06-01;2686;1929;1581,38;TELEMARKETING
2026-06-01;2686;8888;659,8;E-COMMERCE
2026-06-01;1907;8888;70432,09;FORÇA DE VENDAS
2026-06-01;1907;2727;8090,94;TELEMARKETING
2026-06-01;443;691;125,8;TELEMARKETING
2026-06-01;2760;1087;2741,0;TELEMARKETING
2026-06-01;1116;8888;108,86;E-COMMERCE
2026-06-01;1756;8888;15134,72;FORÇA DE VENDAS
2026-06-01;1340;738;69,54;TELEMARKETING
2026-06-01;1117;805;399,92;TELEMARKETING
2026-06-01;42;8888;3967,92;FORÇA DE VENDAS
2026-06-01;2705;8888;19474,24;FORÇA DE VENDAS
2026-06-01;522;8888;3510,03;E-COMMERCE
2026-06-01;2490;8888;1195,04;FORÇA DE VENDAS
2026-06-01;2490;1884;4352,28;TELEMARKETING
2026-06-01;2363;8888;2273,36;E-COMMERCE
2026-06-01;2769;8888;118,3;FORÇA DE VENDAS
2026-06-01;2584;8888;111,92;E-COMMERCE
2026-06-01;2730;672;382,42;TELEMARKETING
2026-06-01;2045;3449;3074,46;TELEMARKETING
2026-06-01;1632;8888;3441,68;FORÇA DE VENDAS
2026-06-01;619;8888;7778,16;FORÇA DE VENDAS
2026-06-01;2118;1954;4601,28;TELEMARKETING
2026-06-01;2588;213;7428,16;TELEMARKETING
2026-06-01;451;8888;482,84;E-COMMERCE
2026-06-01;1064;27;614,72;TELEMARKETING
2026-06-01;1539;8888;786,4;E-COMMERCE
2026-06-01;1993;8888;672,13;E-COMMERCE
2026-06-01;2491;1312;5530,12;TELEMARKETING
2026-06-01;1869;8888;377,4;E-COMMERCE
2026-06-01;1324;738;2264,04;TELEMARKETING
2026-06-01;2711;8888;12055,55;FORÇA DE VENDAS
2026-06-01;1293;8888;8403,12;E-COMMERCE
2026-06-01;1293;1281;785,64;TELEMARKETING
2026-06-01;2685;1883;267,92;TELEMARKETING
2026-06-01;2631;8888;25,99;E-COMMERCE
2026-06-01;2452;8888;8793,49;FORÇA DE VENDAS
2026-06-01;2249;2727;1333,6;TELEMARKETING
2026-06-01;2667;8888;4462,41;FORÇA DE VENDAS
2026-06-01;802;8888;3736,11;FORÇA DE VENDAS
2026-06-01;2015;1281;2930,66;TELEMARKETING
2026-06-01;2015;422;280,71;TELEMARKETING
2026-06-01;2653;8888;200,57;FORÇA DE VENDAS
2026-06-01;2402;8888;25562,36;FORÇA DE VENDAS
2026-06-01;571;8888;60583,86;FORÇA DE VENDAS
2026-06-01;2544;8888;220,98;E-COMMERCE
2026-06-01;429;1281;4535,15;TELEMARKETING
2026-06-01;58;8888;7344,77;FORÇA DE VENDAS
2026-06-01;58;8888;67,96;E-COMMERCE
2026-06-01;2697;1898;695,76;TELEMARKETING
2026-06-01;477;8888;7718,96;FORÇA DE VENDAS
2026-06-01;2298;675;417,95;TELEMARKETING
2026-06-01;2687;8888;7029,5;FORÇA DE VENDAS
2026-06-01;2363;8888;9593,69;FORÇA DE VENDAS
2026-06-01;1289;8888;22505,64;FORÇA DE VENDAS
2026-06-01;2730;8888;133,5;FORÇA DE VENDAS
2026-06-01;1873;8888;1656,9;E-COMMERCE
2026-06-01;40;8888;935,24;E-COMMERCE
2026-06-01;816;8888;34,36;E-COMMERCE
2026-06-01;1834;2661;20,97;TELEMARKETING
2026-06-01;1834;8888;149,4;FORÇA DE VENDAS
2026-06-01;1344;1139;263,2;TELEMARKETING
2026-06-01;2494;3390;89,7;TELEMARKETING
2026-06-01;947;8888;10887,56;PEDIDO ELETRÔNICO
2026-06-01;2567;8888;189,19;E-COMMERCE
2026-06-01;451;8888;18798,75;FORÇA DE VENDAS
2026-06-01;2383;8888;30619,78;FORÇA DE VENDAS
2026-06-01;2383;874;1618,74;TELEMARKETING
2026-06-01;2659;1899;2939,2;TELEMARKETING
2026-06-01;818;1884;515,04;TELEMARKETING
2026-06-01;1518;1533;6626,32;TELEMARKETING
2026-06-01;1518;8888;599,8;E-COMMERCE
2026-06-01;132;691;915,15;TELEMARKETING
2026-06-01;2711;8888;131,96;E-COMMERCE
2026-06-01;20;8888;521,82;E-COMMERCE
2026-06-01;703;3009;719,76;TELEMARKETING
2026-06-01;1956;8888;1918,76;FORÇA DE VENDAS
2026-06-01;374;8888;31,45;E-COMMERCE
2026-06-01;89;8888;6513,18;FORÇA DE VENDAS
2026-06-01;2405;8888;1159,4;FORÇA DE VENDAS
2026-06-01;1392;8888;138,07;E-COMMERCE
2026-06-01;2767;1898;2155,37;TELEMARKETING
2026-06-01;2178;8888;47734,42;FORÇA DE VENDAS
2026-06-01;1293;422;36,72;TELEMARKETING
2026-06-01;2613;3442;1125,28;TELEMARKETING
2026-06-01;2359;8888;9491,63;FORÇA DE VENDAS
2026-06-01;14;805;4352,82;TELEMARKETING
2026-06-01;2258;8888;79,6;FORÇA DE VENDAS
2026-06-01;664;8888;1870,74;E-COMMERCE
2026-06-01;2753;2184;815,84;TELEMARKETING
2026-06-01;2753;8888;215,88;FORÇA DE VENDAS
2026-06-01;2674;8888;2874,24;FORÇA DE VENDAS
2026-06-01;360;8888;14185,82;FORÇA DE VENDAS
2026-06-01;1499;8888;59,7;E-COMMERCE
2026-06-01;2576;8888;13953,96;FORÇA DE VENDAS
2026-06-01;2448;8888;9258,75;FORÇA DE VENDAS
2026-06-01;1137;8888;25053,85;FORÇA DE VENDAS
2026-06-01;2660;423;2279,01;TELEMARKETING
2026-06-01;610;8888;13189,59;FORÇA DE VENDAS
2026-06-01;2442;8888;4357,19;FORÇA DE VENDAS
2026-06-01;2655;519;1847,6;TELEMARKETING
2026-06-01;1642;8888;4054,98;E-COMMERCE
2026-06-01;1539;8888;7802,09;FORÇA DE VENDAS
2026-06-01;1299;27;10676,5;TELEMARKETING
2026-06-01;1846;672;7611,58;TELEMARKETING
2026-06-01;1642;1899;837,6;TELEMARKETING
2026-06-01;2639;1953;27534,14;TELEMARKETING
2026-06-01;2648;8888;7716,57;FORÇA DE VENDAS
2026-06-01;2707;315;5536,02;TELEMARKETING
2026-06-01;2707;8888;5406,36;FORÇA DE VENDAS
2026-06-01;2648;1087;576,14;TELEMARKETING
2026-06-01;2433;213;355,61;TELEMARKETING
2026-06-01;2440;8888;4610,47;FORÇA DE VENDAS
2026-06-01;2472;2853;5235,89;TELEMARKETING
2026-06-01;1278;8888;5029,95;FORÇA DE VENDAS
2026-06-01;2209;738;5377,13;TELEMARKETING
2026-06-01;1465;8888;263,2;E-COMMERCE
2026-06-01;2308;546;414,5;TELEMARKETING
2026-06-01;945;8888;32634,51;PEDIDO ELETRÔNICO
2026-06-01;325;8888;1906,06;E-COMMERCE
2026-06-01;854;8888;17177,91;FORÇA DE VENDAS
2026-06-01;2606;8888;12560,5;FORÇA DE VENDAS
2026-06-01;2516;8888;444,4;FORÇA DE VENDAS
2026-06-01;2388;8888;367,2;E-COMMERCE
2026-06-01;2507;874;3490,13;TELEMARKETING
2026-06-01;525;8888;17988,65;FORÇA DE VENDAS
2026-06-01;2697;1954;1485,67;TELEMARKETING
2026-06-01;325;841;38,37;TELEMARKETING
2026-06-01;477;58;175,97;TELEMARKETING
2026-06-01;2601;1883;8818,15;TELEMARKETING
2026-06-01;2114;1954;4208,76;TELEMARKETING
2026-06-01;2190;8888;14869,58;FORÇA DE VENDAS
2026-06-01;1142;1778;12703,69;TELEMARKETING
2026-06-01;2392;8888;9479,93;FORÇA DE VENDAS
2026-06-01;2325;8888;12950,3;FORÇA DE VENDAS
2026-06-01;2773;8888;6092,51;FORÇA DE VENDAS
2026-06-01;2183;2476;649,31;TELEMARKETING
2026-06-01;2250;8888;1213,33;E-COMMERCE
2026-06-01;1993;8888;12979,73;FORÇA DE VENDAS
2026-06-01;1840;3179;788,25;TELEMARKETING
2026-06-01;2571;1954;861,29;TELEMARKETING
2026-06-01;2571;1312;2854,42;TELEMARKETING
2026-06-01;1486;2985;465,6;TELEMARKETING
2026-06-01;1906;1954;4306,46;TELEMARKETING
2026-06-01;2069;8888;15748,34;FORÇA DE VENDAS
2026-06-01;2433;738;541,23;TELEMARKETING
2026-06-01;580;8888;5675,17;FORÇA DE VENDAS
2026-06-01;951;8888;6506,07;E-COMMERCE
2026-06-01;949;998;228,32;TELEMARKETING
2026-06-01;949;1134;92,82;TELEMARKETING
2026-06-01;2308;8888;490,51;E-COMMERCE
2026-06-01;1254;3449;5964,72;TELEMARKETING
2026-06-01;1465;8888;15988,75;FORÇA DE VENDAS
2026-06-01;2657;2853;11829,4;TELEMARKETING
2026-06-01;2109;8888;56,43;E-COMMERCE
2026-06-01;816;8888;35736,94;FORÇA DE VENDAS
2026-06-01;1876;8888;45,8;E-COMMERCE
2026-06-01;1983;841;4897,62;TELEMARKETING
2026-06-01;351;3009;3242,51;TELEMARKETING
2026-06-01;1317;8888;135,94;E-COMMERCE
2026-06-01;2510;8888;111441,5;FORÇA DE VENDAS
2026-06-01;2510;3442;2638,28;TELEMARKETING
2026-06-01;2728;8888;1269,04;FORÇA DE VENDAS
2026-06-01;1907;8888;183,38;E-COMMERCE
2026-06-01;2708;1929;341,8;TELEMARKETING
2026-06-01;595;8888;191,88;E-COMMERCE
2026-06-01;595;8888;597,33;FORÇA DE VENDAS
2026-06-01;2767;8888;507,28;FORÇA DE VENDAS
2026-06-01;353;8888;18820,03;FORÇA DE VENDAS
2026-06-01;353;8888;2970,7;E-COMMERCE
2026-06-01;2635;519;1259,98;TELEMARKETING
2026-06-01;1756;8888;383,54;E-COMMERCE
2026-06-01;1340;805;1275,96;TELEMARKETING
2026-06-01;415;2845;695,64;TELEMARKETING
2026-06-01;2019;8888;3632,24;E-COMMERCE
2026-06-01;483;8888;15860,62;FORÇA DE VENDAS
2026-06-01;2706;1953;4259,01;TELEMARKETING
2026-06-01;2674;8888;1202,9;E-COMMERCE
2026-06-01;2706;315;627,76;TELEMARKETING
2026-06-01;1277;213;359,88;TELEMARKETING
2026-06-01;2449;8888;5411,68;FORÇA DE VENDAS
2026-06-01;1108;874;927,38;TELEMARKETING
2026-06-01;2250;3403;-84,82;TELEMARKETING
2026-06-01;2365;8888;1080,2;FORÇA DE VENDAS
2026-06-01;953;8888;909,66;FORÇA DE VENDAS
2026-06-01;2421;8888;10298,22;FORÇA DE VENDAS
2026-06-01;1075;8888;39262,37;FORÇA DE VENDAS
2026-06-01;2631;2853;8182,94;TELEMARKETING
2026-06-01;716;1884;13894,4;TELEMARKETING
2026-06-01;716;8888;251,86;E-COMMERCE
2026-06-01;2528;8888;111,92;E-COMMERCE
2026-06-01;2528;672;2269,5;TELEMARKETING
2026-06-01;2064;8888;138,53;FORÇA DE VENDAS
2026-06-01;2709;2220;2367,58;TELEMARKETING
2026-06-01;580;8888;3645,6;E-COMMERCE
2026-06-01;2472;8888;3680,68;FORÇA DE VENDAS
2026-06-01;1075;8888;1439,95;E-COMMERCE
2026-06-01;463;1832;8341,36;TELEMARKETING
2026-06-01;1876;8888;2367,67;FORÇA DE VENDAS
2026-06-01;351;738;3221,16;TELEMARKETING
2026-06-01;438;8888;7471,48;FORÇA DE VENDAS
2026-06-01;2732;8888;482,25;FORÇA DE VENDAS
2026-06-01;2686;977;29,9;TELEMARKETING
2026-06-01;609;8888;5406,81;E-COMMERCE
2026-06-01;675;2571;87,82;TELEMARKETING
2026-06-01;443;8888;2336,66;FORÇA DE VENDAS
2026-06-01;2737;8888;1674,06;FORÇA DE VENDAS
2026-06-01;2737;1899;983,77;TELEMARKETING
2026-06-01;953;58;269,53;TELEMARKETING
2026-06-01;2641;1087;2319,56;TELEMARKETING
2026-06-01;2641;8888;2986,93;FORÇA DE VENDAS
2026-06-01;1116;8888;7684,86;FORÇA DE VENDAS
2026-06-01;1340;8888;15447,82;FORÇA DE VENDAS
2026-06-01;415;213;202,68;TELEMARKETING
2026-06-01;2019;977;15,98;TELEMARKETING
2026-06-01;2388;1899;17587,77;TELEMARKETING
2026-06-01;1392;2752;2084,64;TELEMARKETING
2026-06-01;2745;1884;11143,96;TELEMARKETING
2026-06-01;2183;8888;805,2;FORÇA DE VENDAS
2026-06-01;634;8888;3589,12;E-COMMERCE
2026-06-01;2245;8888;7856,28;FORÇA DE VENDAS
2026-06-01;2133;8888;119,96;E-COMMERCE
2026-06-01;2146;8888;142,8;FORÇA DE VENDAS
2026-06-01;326;14;36,57;TELEMARKETING
2026-06-01;1142;8888;311,38;E-COMMERCE
2026-06-01;2392;8888;154,5;E-COMMERCE
2026-06-01;2659;8888;5,52;FORÇA DE VENDAS
2026-06-01;818;8888;50613,9;FORÇA DE VENDAS
2026-06-01;1653;1281;19845,43;TELEMARKETING
2026-06-01;2680;8888;19391,8;FORÇA DE VENDAS
2026-06-01;2696;1954;14973,19;TELEMARKETING
2026-06-01;1324;8888;9586,57;FORÇA DE VENDAS
2026-06-01;1324;3009;1772,28;TELEMARKETING
2026-06-01;2711;3449;543,84;TELEMARKETING
2026-06-01;89;8888;533,6;E-COMMERCE
2026-06-01;2000;1953;10199,66;TELEMARKETING
2026-06-01;1166;2184;1456,12;TELEMARKETING
2026-06-01;2178;738;3864,68;TELEMARKETING
2026-06-01;941;3179;367,2;TELEMARKETING
2026-06-01;941;1832;253,52;TELEMARKETING
2026-06-01;1937;8888;1995,36;E-COMMERCE
2026-06-01;802;738;1474,43;TELEMARKETING
2026-06-01;772;8888;5576,08;E-COMMERCE
2026-06-01;2015;546;136,39;TELEMARKETING
2026-06-01;2772;8888;31,62;FORÇA DE VENDAS
2026-06-01;2732;519;504,4;TELEMARKETING
2026-06-01;2783;8888;24,98;E-COMMERCE
2026-06-01;2279;8888;4027,9;FORÇA DE VENDAS
2026-06-01;33;8888;29439,96;FORÇA DE VENDAS
2026-06-01;1102;8888;4004,97;FORÇA DE VENDAS
2026-06-01;1102;8888;447,2;E-COMMERCE
2026-06-01;609;8888;38358,94;FORÇA DE VENDAS
2026-06-01;2708;8888;6740,4;FORÇA DE VENDAS
2026-06-01;675;1898;3005,16;TELEMARKETING
2026-06-01;443;1533;565,12;TELEMARKETING
2026-06-01;535;8888;8463,69;FORÇA DE VENDAS
2026-06-01;363;1898;4847,76;TELEMARKETING
2026-06-01;363;8888;9379,01;FORÇA DE VENDAS
2026-06-01;353;3179;1591,22;TELEMARKETING
2026-06-01;2388;1884;1116,0;TELEMARKETING
2026-06-01;522;8888;19737,84;FORÇA DE VENDAS
2026-06-01;2449;3009;4888,48;TELEMARKETING
2026-06-01;1117;1139;106,7;TELEMARKETING
2026-06-01;2726;8888;807,81;FORÇA DE VENDAS
2026-06-01;1299;2523;484,85;TELEMARKETING
2026-06-01;890;8888;6839,64;E-COMMERCE
2026-06-01;2183;8888;142,8;E-COMMERCE
2026-06-01;619;1139;291,61;TELEMARKETING
2026-06-01;1063;8888;29,4;E-COMMERCE
2026-06-01;1308;8888;25483,66;FORÇA DE VENDAS
2026-06-01;1289;1929;2094,62;TELEMARKETING
2026-06-01;1289;8888;622,78;E-COMMERCE
2026-06-01;1539;2184;1948,48;TELEMARKETING
2026-06-01;2588;8888;1276,7;E-COMMERCE
2026-06-01;2588;691;4093,29;TELEMARKETING
2026-06-01;2567;8888;14860,18;FORÇA DE VENDAS
2026-06-01;2392;3442;1690,74;TELEMARKETING
2026-06-01;2211;8888;194,16;E-COMMERCE
2026-06-01;2769;977;675,63;TELEMARKETING
2026-06-01;2696;8888;63570,56;FORÇA DE VENDAS
2026-06-01;2442;738;6602,37;TELEMARKETING
2026-06-01;285;8888;132,69;E-COMMERCE
2026-06-01;2711;1953;1943,72;TELEMARKETING
2026-06-01;20;8888;31367,43;FORÇA DE VENDAS
2026-06-01;1456;8888;60224,4;FORÇA DE VENDAS
2026-06-01;89;841;44,49;TELEMARKETING
2026-06-01;2577;8888;27057,27;FORÇA DE VENDAS
2026-06-01;2576;2220;29,7;TELEMARKETING
2026-06-01;2571;8888;214,13;E-COMMERCE
2026-06-01;2571;8888;376,82;FORÇA DE VENDAS
2026-06-01;2571;874;268,53;TELEMARKETING
2026-06-01;2359;1312;117,45;TELEMARKETING
2026-06-01;14;8888;10902,21;FORÇA DE VENDAS
2026-06-01;2251;8888;10691,47;FORÇA DE VENDAS
2026-06-01;2251;8888;757,21;E-COMMERCE
2026-06-01;2607;8888;3281,31;FORÇA DE VENDAS
2026-06-01;325;14;230,84;TELEMARKETING
2026-06-01;2753;1884;973,03;TELEMARKETING
2026-06-01;2601;8888;415,6;E-COMMERCE
2026-06-01;1108;1312;536,29;TELEMARKETING
2026-06-01;525;8888;8532,35;E-COMMERCE
2026-06-01;636;2571;142,63;TELEMARKETING
2026-06-01;2601;519;202,02;TELEMARKETING
2026-06-01;2107;8888;285,46;E-COMMERCE
2026-06-01;285;2077;-276,86;TELEMARKETING
2026-06-01;1254;8888;41354,9;FORÇA DE VENDAS
2026-06-01;2507;8888;9035,7;FORÇA DE VENDAS
2026-06-01;2362;8888;8159,01;FORÇA DE VENDAS
2026-06-01;1756;27;782,95;TELEMARKETING
2026-06-01;1293;8888;22123,05;FORÇA DE VENDAS
2026-06-01;363;8888;117,44;E-COMMERCE
2026-06-01;27;2845;1017,96;TELEMARKETING
2026-06-01;2633;1953;3014,58;TELEMARKETING
2026-06-01;531;8888;5383,78;E-COMMERCE
2026-06-01;1890;1953;76538,67;TELEMARKETING
2026-06-01;2249;8888;40716,28;FORÇA DE VENDAS
2026-06-01;131;8888;15567,48;FORÇA DE VENDAS
2026-06-01;2405;3389;3756,6;TELEMARKETING
2026-06-01;941;3449;1031,8;TELEMARKETING
2026-06-01;2660;8888;992,18;E-COMMERCE
2026-06-01;2660;8888;9928,2;FORÇA DE VENDAS
2026-06-01;2684;8888;919,56;FORÇA DE VENDAS
2026-06-01;2251;3403;5190,38;TELEMARKETING
2026-06-01;1653;2220;402,2;TELEMARKETING
2026-06-01;2258;3389;954,6;TELEMARKETING
2026-06-01;325;1214;191,71;TELEMARKETING
2026-06-01;2411;8888;1521,9;FORÇA DE VENDAS
2026-06-01;2663;8888;3628,69;FORÇA DE VENDAS
2026-06-01;2606;2727;6146,0;TELEMARKETING
2026-06-01;2185;8888;3740,87;FORÇA DE VENDAS
2026-06-01;629;675;137,49;TELEMARKETING
2026-06-01;2697;1312;39108,38;TELEMARKETING
2026-06-01;2697;874;1273,76;TELEMARKETING
2026-06-01;1381;8888;3129,21;E-COMMERCE
2026-06-01;1381;213;854,64;TELEMARKETING
2026-06-01;325;1098;39,89;TELEMARKETING
2026-06-01;477;805;195,76;TELEMARKETING
2026-06-01;2768;8888;39627,04;FORÇA DE VENDAS
2026-06-01;2333;8888;897,7;FORÇA DE VENDAS
2026-06-01;2413;2727;1736,03;TELEMARKETING
2026-06-01;2107;1954;519,96;TELEMARKETING
2026-06-01;2114;8888;19565,65;FORÇA DE VENDAS
2026-06-01;2114;8888;393,6;E-COMMERCE
2026-06-01;2114;874;117,45;TELEMARKETING
2026-06-01;2724;2185;1574,2;TELEMARKETING
2026-06-01;767;8888;2027,46;E-COMMERCE
2026-06-01;629;2077;-413,26;TELEMARKETING
2026-06-01;1501;8888;7763,31;FORÇA DE VENDAS
2026-06-01;400;8888;25580,23;FORÇA DE VENDAS
2026-06-01;664;8888;5146,81;FORÇA DE VENDAS
2026-06-01;2599;8888;15728,87;FORÇA DE VENDAS
2026-06-01;772;8888;42057,8;FORÇA DE VENDAS
2026-06-01;1890;315;524,02;TELEMARKETING
2026-06-01;2431;8888;9342,62;FORÇA DE VENDAS
2026-06-01;1020;8888;17117,18;FORÇA DE VENDAS
2026-06-01;104;2103;39,55;TELEMARKETING
2026-06-01;663;8888;21713,58;FORÇA DE VENDAS
2026-06-01;629;8888;6460,15;FORÇA DE VENDAS
2026-06-01;1427;841;1879,55;TELEMARKETING
2026-06-01;6;1533;3752,16;TELEMARKETING
2026-06-01;2678;1312;13432,78;TELEMARKETING
2026-06-01;2678;8888;1969,78;FORÇA DE VENDAS
2026-06-01;2678;1954;246,97;TELEMARKETING
2026-06-01;2571;422;605,7;TELEMARKETING
2026-06-01;1364;3403;324,01;TELEMARKETING
2026-06-01;2707;3449;8308,06;TELEMARKETING
2026-06-01;1278;1533;599,8;TELEMARKETING
2026-06-01;2089;8888;62,9;E-COMMERCE
2026-06-01;1374;738;479,84;TELEMARKETING
2026-06-01;1465;3403;319,92;TELEMARKETING
2026-06-01;816;3009;1853,01;TELEMARKETING
2026-06-01;1876;1087;1491,56;TELEMARKETING
2026-06-01;1317;3179;2019,04;TELEMARKETING
2026-06-01;325;1533;399,2;TELEMARKETING
2026-06-01;2163;8888;9399,95;FORÇA DE VENDAS
2026-06-01;1278;8888;146,91;E-COMMERCE
2026-06-01;2114;1898;268,53;TELEMARKETING
2026-06-01;767;1087;663,8;TELEMARKETING
2026-06-01;2492;8888;71,4;E-COMMERCE
2026-06-01;610;8888;8085,6;E-COMMERCE
2026-06-01;2082;2727;2600,02;TELEMARKETING
2026-06-01;703;8888;34997,17;FORÇA DE VENDAS
2026-06-01;531;691;7193,45;TELEMARKETING
2026-06-01;1869;8888;43557,99;FORÇA DE VENDAS
2026-06-01;1996;8888;41722,19;FORÇA DE VENDAS
2026-06-01;1873;8888;9641,36;FORÇA DE VENDAS
2026-06-01;2577;2983;-251,92;TELEMARKETING
2026-06-01;1166;8888;-516,9;FORÇA DE VENDAS
2026-06-01;2428;8888;-2053,4;FORÇA DE VENDAS
2026-06-01;2045;315;515,92;TELEMARKETING
2026-06-01;1450;8888;21911,3;FORÇA DE VENDAS
2026-06-01;1384;8888;51025,77;FORÇA DE VENDAS
2026-06-01;2657;8888;9522,08;FORÇA DE VENDAS
2026-06-01;2069;1533;-702,4;TELEMARKETING
2026-06-01;1890;2853;23569,86;TELEMARKETING
2026-06-01;424;8888;197,09;E-COMMERCE
2026-06-01;1478;8888;4282,03;FORÇA DE VENDAS
2026-06-01;1690;691;314,5;TELEMARKETING
2026-06-01;2794;8888;748,17;E-COMMERCE
2026-06-01;2671;8888;701,77;FORÇA DE VENDAS
2026-06-01;783;2845;196,64;TELEMARKETING
2026-06-01;2709;8888;1722,89;FORÇA DE VENDAS
2026-06-01;1137;422;11228,0;TELEMARKETING
2026-06-01;1876;977;29148,67;TELEMARKETING
2026-06-01;2015;8888;1968,34;E-COMMERCE
2026-06-01;351;8888;21507,7;FORÇA DE VENDAS
2026-06-01;1317;8888;4259,56;FORÇA DE VENDAS
2026-06-01;452;8888;11444,6;FORÇA DE VENDAS
2026-06-01;2686;315;101,4;TELEMARKETING
2026-06-01;2728;977;495,45;TELEMARKETING
2026-06-01;675;8888;56,45;E-COMMERCE
2026-06-01;1642;2184;3723,16;TELEMARKETING
2026-06-01;535;422;5214,72;TELEMARKETING
2026-06-01;358;422;678,47;TELEMARKETING
2026-06-01;2765;8888;13206,6;FORÇA DE VENDAS
2026-06-01;42;8888;1323,19;E-COMMERCE
2026-06-01;2674;1883;8437,73;TELEMARKETING
2026-06-01;40;8888;1486,63;FORÇA DE VENDAS
2026-06-01;2729;8888;1511,7;FORÇA DE VENDAS
2026-06-01;2183;2494;71,4;TELEMARKETING
2026-06-01;2325;1778;2711,29;TELEMARKETING
2026-06-01;2133;691;731,44;TELEMARKETING
2026-06-01;2261;8888;322,45;E-COMMERCE
2026-06-01;2261;8888;85,2;FORÇA DE VENDAS
2026-06-01;1632;423;1236,19;TELEMARKETING
2026-06-01;535;8888;161,86;E-COMMERCE
2026-06-01;1308;1312;4507,25;TELEMARKETING
2026-06-01;2588;8888;19301,56;FORÇA DE VENDAS
2026-06-01;2580;8888;663,84;FORÇA DE VENDAS
2026-06-01;451;3403;109,85;TELEMARKETING
2026-06-01;2659;2184;622,8;TELEMARKETING
2026-06-01;2376;3009;255,36;TELEMARKETING
2026-06-01;1653;8888;5350,94;FORÇA DE VENDAS
2026-06-01;2769;1087;1329,7;TELEMARKETING
2026-06-01;634;8888;2352,84;FORÇA DE VENDAS
2026-06-01;1364;8888;131,6;E-COMMERCE
2026-06-01;703;8888;3397,58;E-COMMERCE
2026-06-01;358;546;12484,01;TELEMARKETING
2026-06-01;424;8888;869,85;FORÇA DE VENDAS
2026-06-01;675;8888;5110,45;FORÇA DE VENDAS
2026-06-01;2421;3009;1417,5;TELEMARKETING
2026-06-01;595;691;365,06;TELEMARKETING
2026-06-01;890;1533;4138,36;TELEMARKETING
2026-06-01;1642;8888;27863,49;FORÇA DE VENDAS
2026-06-01;2760;8888;193,0;FORÇA DE VENDAS
2026-06-01;2250;8888;12262,61;FORÇA DE VENDAS
2026-06-01;2635;1899;1245,44;TELEMARKETING
2026-06-01;559;8888;5730,08;FORÇA DE VENDAS
2026-06-01;415;738;131,6;TELEMARKETING
2026-06-01;2793;8888;3027,88;FORÇA DE VENDAS
2026-06-01;1277;8888;23738,94;FORÇA DE VENDAS
2026-06-01;1117;8888;796,41;E-COMMERCE
2026-06-01;2490;1883;149,88;TELEMARKETING
2026-06-01;2363;738;935,64;TELEMARKETING
2026-06-01;2363;3009;127,92;TELEMARKETING
2026-06-01;2223;2476;107,4;TELEMARKETING
2026-06-01;1499;8888;757,2;FORÇA DE VENDAS
2026-06-01;40;58;1310,95;TELEMARKETING
2026-06-01;2082;3442;183,48;TELEMARKETING
2026-06-01;2684;8888;974,01;E-COMMERCE
2026-06-01;1873;2184;202,94;TELEMARKETING
2026-06-01;2045;2853;6759,66;TELEMARKETING
2026-06-01;2491;874;10030,76;TELEMARKETING
2026-06-01;2133;2845;493,74;TELEMARKETING
2026-06-01;1063;3403;792,9;TELEMARKETING
2026-06-01;2118;8888;41159,42;FORÇA DE VENDAS
2026-06-01;2197;8888;111,6;E-COMMERCE
2026-06-01;2567;3442;2466,96;TELEMARKETING
2026-06-01;2392;1778;3028,8;TELEMARKETING
2026-06-01;2735;8888;1468,8;E-COMMERCE
2026-06-01;1064;8888;11068,19;FORÇA DE VENDAS
2026-06-01;2659;8888;135,46;E-COMMERCE
2026-06-01;818;3389;752,3;TELEMARKETING
2026-06-01;818;8888;1867,2;E-COMMERCE
2026-06-01;2491;1954;2560,75;TELEMARKETING
2026-06-01;1653;874;1056,23;TELEMARKETING
2026-06-01;1956;672;10117,4;TELEMARKETING
2026-06-01;2276;8888;101,5;FORÇA DE VENDAS
2026-06-01;2276;8888;101,5;E-COMMERCE
2026-06-01;609;3179;670,44;TELEMARKETING
2026-06-01;1166;1884;1321,2;TELEMARKETING
2026-06-01;1632;8888;259,96;E-COMMERCE
2026-06-01;131;8888;1292,72;E-COMMERCE
2026-06-01;131;27;601,15;TELEMARKETING
2026-06-01;1450;1778;1234,61;TELEMARKETING
2026-06-01;2245;8888;262,93;E-COMMERCE
2026-06-01;2667;2853;1677,58;TELEMARKETING
2026-06-01;2684;1884;3198,4;TELEMARKETING
2026-06-01;2613;8888;9445,23;FORÇA DE VENDAS
2026-06-01;2359;874;3571,73;TELEMARKETING
2026-06-01;2544;8888;179,4;FORÇA DE VENDAS
2026-06-01;2574;2661;1413,14;TELEMARKETING
2026-06-01;1658;8888;16267,9;FORÇA DE VENDAS
2026-06-01;2735;1899;4183,68;TELEMARKETING
2026-06-01;2735;8888;1805,63;FORÇA DE VENDAS
2026-06-01;2394;2727;2999,92;TELEMARKETING
2026-06-01;2394;1778;548,59;TELEMARKETING
2026-06-01;2185;8888;138,21;E-COMMERCE
2026-06-01;2496;8888;138,4;FORÇA DE VENDAS
2026-06-01;2760;8888;1055,72;E-COMMERCE
2026-06-01;2697;8888;21316,27;FORÇA DE VENDAS
2026-06-01;138;841;47,87;TELEMARKETING
2026-06-01;2452;8888;75,96;E-COMMERCE
2026-06-01;1063;8888;14398,65;FORÇA DE VENDAS
2026-06-01;1308;1954;2281,55;TELEMARKETING
2026-06-01;285;805;1939,78;TELEMARKETING
2026-06-01;1539;1884;1324,64;TELEMARKETING
2026-06-01;818;519;12766,38;TELEMARKETING
2026-06-01;2211;874;3682,59;TELEMARKETING
2026-06-01;2680;874;741,06;TELEMARKETING
2026-06-01;2696;1898;5634,01;TELEMARKETING
2026-06-01;2431;2845;314,52;TELEMARKETING
2026-06-01;2276;2476;530,74;TELEMARKETING
2026-06-01;2685;2184;287,84;TELEMARKETING
2026-06-01;952;8888;14988,82;FORÇA DE VENDAS
2026-06-01;1384;3009;3118,96;TELEMARKETING
2026-06-01;1384;691;1631,68;TELEMARKETING
2026-06-01;1166;1883;2879,67;TELEMARKETING
2026-06-01;663;8888;28,45;E-COMMERCE
2026-06-01;1450;8888;3702,69;E-COMMERCE
2026-06-01;1937;8888;11302,16;FORÇA DE VENDAS
2026-06-01;1937;675;660,42;TELEMARKETING
2026-06-01;2402;2727;2542,17;TELEMARKETING
2026-06-01;2736;8888;62,45;E-COMMERCE
2026-06-01;854;2184;5397,44;TELEMARKETING
2026-06-01;2742;8888;2766,2;FORÇA DE VENDAS
2026-06-01;2744;8888;96,5;FORÇA DE VENDAS
2026-06-01;1108;1954;276,1;TELEMARKETING
2026-06-01;2146;2661;38,97;TELEMARKETING
2026-06-01;664;675;7,49;TELEMARKETING
2026-06-01;783;8888;263,2;E-COMMERCE
2026-06-01;2647;8888;201,6;FORÇA DE VENDAS
2026-06-01;1007;8888;21574,52;FORÇA DE VENDAS
2026-06-01;2413;8888;3519,62;E-COMMERCE
2026-06-01;2651;8888;2019,48;FORÇA DE VENDAS
2026-06-01;2651;58;635,82;TELEMARKETING
2026-06-01;2576;8888;805,47;E-COMMERCE
2026-06-01;767;8888;6704,3;FORÇA DE VENDAS
2026-06-01;2687;8888;52,68;E-COMMERCE
2026-06-01;2085;8888;15155,45;FORÇA DE VENDAS
2026-06-01;2705;3442;6442,47;TELEMARKETING
2026-06-01;2698;8888;17103,72;FORÇA DE VENDAS
2026-06-01;1518;8888;17945,29;FORÇA DE VENDAS
2026-06-01;1374;8888;8182,39;FORÇA DE VENDAS
2026-06-01;360;546;10087,12;TELEMARKETING
2026-06-01;2341;8888;1666,5;FORÇA DE VENDAS
2026-06-01;1344;8888;15482,6;FORÇA DE VENDAS
2026-06-01;818;2600;-1984,01;TELEMARKETING
2026-06-01;1142;8888;50679,47;FORÇA DE VENDAS
2026-06-01;2580;3449;2844,77;TELEMARKETING
2026-06-01;1304;213;3433,54;TELEMARKETING
2026-06-01;2790;2853;299,6;TELEMARKETING
2026-06-01;781;8888;9228,21;FORÇA DE VENDAS
2026-06-01;2707;1953;1763,4;TELEMARKETING
2026-06-01;1585;3442;7614,06;TELEMARKETING
2026-06-01;1585;8888;662,47;E-COMMERCE
2026-06-01;2568;8888;1116,99;E-COMMERCE
2026-06-01;2568;2727;4275,18;TELEMARKETING
2026-06-01;2568;3442;543,29;TELEMARKETING
2026-06-01;2431;738;886,46;TELEMARKETING
2026-06-01;2109;8888;3337,37;FORÇA DE VENDAS
2026-06-01;441;691;239,92;TELEMARKETING
2026-06-01;2375;8888;25089,14;FORÇA DE VENDAS
2026-06-01;2375;8888;5295,15;E-COMMERCE
2026-06-01;2279;805;34,36;TELEMARKETING
2026-06-01;2753;1899;400,8;TELEMARKETING
2026-06-01;2516;1087;525,9;TELEMARKETING
2026-06-01;1871;2661;29,97;TELEMARKETING
2026-06-01;429;8888;8239,98;FORÇA DE VENDAS
2026-06-01;58;675;1459,94;TELEMARKETING
2026-06-01;1108;8888;202,31;E-COMMERCE
2026-06-01;2697;422;2574,15;TELEMARKETING
2026-06-01;2085;1778;5357,28;TELEMARKETING
2026-06-01;525;1087;5720,44;TELEMARKETING
2026-06-01;2768;874;10087,13;TELEMARKETING
2026-06-01;1996;738;503,2;TELEMARKETING
2026-06-01;2601;8888;24624,8;FORÇA DE VENDAS
2026-06-01;629;8888;767,86;E-COMMERCE
2026-06-01;2492;8888;391,1;FORÇA DE VENDAS
2026-06-01;1381;8888;39297,11;FORÇA DE VENDAS
2026-06-01;132;8888;30461,61;FORÇA DE VENDAS
2026-06-01;890;8888;53595,3;FORÇA DE VENDAS
2026-06-01;2491;8888;16870,63;FORÇA DE VENDAS
2026-06-01;1372;8888;14863,84;FORÇA DE VENDAS
2026-06-01;2133;8888;76451,77;FORÇA DE VENDAS
2026-06-01;2081;8888;21885,96;FORÇA DE VENDAS
2026-06-01;2621;8888;0,0;FORÇA DE VENDAS
2026-06-01;2604;8888;-149,97;FORÇA DE VENDAS
2026-06-01;2107;8888;53830,71;FORÇA DE VENDAS
2026-06-01;2015;8888;13265,97;FORÇA DE VENDAS
2026-06-01;2131;8888;20336,56;FORÇA DE VENDAS
2026-06-01;1846;8888;16,9;E-COMMERCE
2026-06-01;1427;3009;37,74;TELEMARKETING
2026-06-01;2621;1884;391,92;TELEMARKETING
2026-06-01;2648;8888;72,7;E-COMMERCE
2026-06-01;781;805;3567,64;TELEMARKETING
2026-06-01;360;8888;6766,66;E-COMMERCE
2026-06-01;2448;3009;191,88;TELEMARKETING
2026-06-01;2714;8888;1019,8;FORÇA DE VENDAS
2026-06-01;2714;519;17152,28;TELEMARKETING
2026-06-01;2568;8888;17444,15;FORÇA DE VENDAS
2026-06-01;951;8888;13898,21;FORÇA DE VENDAS
2026-06-01;1137;2220;1608,49;TELEMARKETING
2026-06-01;452;8888;13342,86;E-COMMERCE
2026-06-01;1075;805;1732,73;TELEMARKETING
2026-06-01;2249;8888;722,99;E-COMMERCE
2026-06-01;463;468;101,7;TELEMARKETING
2026-06-01;2652;1883;2426,92;TELEMARKETING
2026-06-01;2279;8888;133,8;E-COMMERCE
2026-06-01;415;8888;26626,22;FORÇA DE VENDAS
2026-06-01;326;8888;6363,41;E-COMMERCE
2026-06-01;2728;8888;345,33;E-COMMERCE
2026-06-01;1907;3442;623,01;TELEMARKETING
2026-06-01;2124;8888;13275,78;FORÇA DE VENDAS
2026-06-01;363;2220;144,08;TELEMARKETING
2026-06-01;1116;675;349,21;TELEMARKETING
2026-06-01;2635;8888;53,8;FORÇA DE VENDAS
2026-06-01;768;8888;23832,08;FORÇA DE VENDAS
2026-06-01;1117;8888;2163,97;FORÇA DE VENDAS
2026-06-01;631;1898;21437,69;TELEMARKETING
2026-06-01;1585;1258;1169,4;TELEMARKETING
2026-06-01;1299;2522;6081,14;TELEMARKETING
2026-06-01;890;691;273,74;TELEMARKETING
2026-06-01;2745;8888;3128,68;FORÇA DE VENDAS
2026-06-01;2539;3009;3418,47;TELEMARKETING
2026-06-01;535;2220;134,14;TELEMARKETING
2026-06-01;2376;213;124326,14;TELEMARKETING
2026-06-01;1478;8888;150,96;E-COMMERCE
2026-06-01;619;8888;141,47;E-COMMERCE
2026-06-01;2394;8888;5958,09;FORÇA DE VENDAS
2026-06-01;2686;8888;19774,79;FORÇA DE VENDAS
2026-06-01;2661;2845;881,77;TELEMARKETING
2026-06-01;104;2063;-4558,48;TELEMARKETING
2026-06-01;530;8888;2573,37;FORÇA DE VENDAS
2026-06-01;285;8888;13257,78;FORÇA DE VENDAS
2026-06-01;2250;27;3828,16;TELEMARKETING
2026-06-01;104;8888;40223,26;FORÇA DE VENDAS
2026-06-01;326;213;982,46;TELEMARKETING
2026-06-01;2671;1883;279,2;TELEMARKETING
2026-06-01;2790;1953;703,44;TELEMARKETING
2026-06-01;1890;3449;65679,6;TELEMARKETING
2026-06-01;2433;8888;538,83;FORÇA DE VENDAS
2026-06-01;2089;1533;5654,94;TELEMARKETING
2026-06-01;1137;8888;2108,49;E-COMMERCE
2026-06-01;2541;8888;513,42;FORÇA DE VENDAS
2026-06-01;400;8888;191,12;E-COMMERCE
2026-06-01;2510;8888;11004,55;PEDIDO ELETRÔNICO
2026-06-01;1907;1778;1399,82;TELEMARKETING
2026-06-01;2308;2220;1418,33;TELEMARKETING
2026-06-01;2308;8888;4910,87;FORÇA DE VENDAS
2026-06-01;441;8888;1367,28;E-COMMERCE
2026-06-01;2731;3389;223,2;TELEMARKETING
2026-06-01;2783;8888;1344,8;FORÇA DE VENDAS
2026-06-01;2449;8888;57,75;E-COMMERCE
2026-06-01;326;2991;2378,36;TELEMARKETING
2026-06-01;2510;1778;640,39;TELEMARKETING
2026-06-01;2510;2727;512,43;TELEMARKETING
2026-06-01;358;8888;13262,79;FORÇA DE VENDAS
2026-06-01;2655;2184;938,5;TELEMARKETING
2026-06-01;2655;8888;19254,04;FORÇA DE VENDAS
2026-06-01;2190;691;1102,21;TELEMARKETING
2026-06-01;452;2845;3478,84;TELEMARKETING
2026-06-01;675;1281;414,14;TELEMARKETING
2026-06-01;1466;8888;36024,12;FORÇA DE VENDAS
2026-06-01;2741;423;12,49;TELEMARKETING
2026-06-01;953;805;483,0;TELEMARKETING
2026-06-01;571;8888;169,92;E-COMMERCE
2026-06-01;358;1281;138,17;TELEMARKETING
2026-06-01;2635;1884;89,88;TELEMARKETING
2026-06-01;559;8888;1429,34;E-COMMERCE
2026-06-01;1340;2845;53,34;TELEMARKETING
2026-06-01;1853;8888;3793,38;FORÇA DE VENDAS
2026-06-01;2019;8888;6227,6;FORÇA DE VENDAS
2026-06-01;2726;977;5149,52;TELEMARKETING
2026-06-01;2698;874;5604,17;TELEMARKETING
2026-06-01;1478;675;528,27;TELEMARKETING
2026-06-01;2197;8888;10371,14;FORÇA DE VENDAS
2026-06-01;2197;423;578,15;TELEMARKETING
2026-06-01;2107;1312;268,53;TELEMARKETING
2026-06-01;1518;3403;959,68;TELEMARKETING
2026-06-01;2211;8888;31264,81;FORÇA DE VENDAS
2026-06-01;1956;8888;291,52;E-COMMERCE
2026-06-01;27;8888;7472,3;FORÇA DE VENDAS
2026-06-01;2463;1139;25341,38;TELEMARKETING
2026-06-01;952;8888;366,32;E-COMMERCE
2026-06-01;2082;8888;17071,45;FORÇA DE VENDAS
2026-06-01;636;8888;7685,67;FORÇA DE VENDAS
2026-06-01;1372;3009;185,32;TELEMARKETING
2026-06-01;2359;8888;536,12;E-COMMERCE
2026-06-01;2359;422;268,53;TELEMARKETING
2026-06-01;2574;8888;108,5;FORÇA DE VENDAS
2026-06-01;2607;1953;2787,44;TELEMARKETING
2026-06-01;2753;1883;1335,04;TELEMARKETING
2026-07-01;1392;2220;560,46;TELEMARKETING
2026-07-01;1465;8888;115,6;E-COMMERCE
2026-07-01;1259;8888;239,96;E-COMMERCE
2026-07-01;2769;977;13273,16;TELEMARKETING
2026-07-01;2730;8888;247,92;FORÇA DE VENDAS
2026-07-01;634;8888;14491,58;FORÇA DE VENDAS
2026-07-01;2530;874;910,17;TELEMARKETING
2026-07-01;2697;8888;28,22;E-COMMERCE
2026-07-01;1756;8888;1759,2;E-COMMERCE
2026-07-01;1756;27;319,55;TELEMARKETING
2026-07-01;703;3009;924,8;TELEMARKETING
2026-07-01;2567;1762;4977,55;TELEMARKETING
2026-07-01;2567;2727;1536,26;TELEMARKETING
2026-07-01;1298;8888;6806,75;FORÇA DE VENDAS
2026-07-01;1327;3009;4706,84;TELEMARKETING
2026-07-01;571;8888;191,12;E-COMMERCE
2026-07-01;325;14;82,85;TELEMARKETING
2026-07-01;1324;3009;1138,0;TELEMARKETING
2026-07-01;2711;8888;265,94;E-COMMERCE
2026-07-01;2795;2184;203,96;TELEMARKETING
2026-07-01;1956;8888;581,24;FORÇA DE VENDAS
2026-07-01;1956;8888;2915,78;E-COMMERCE
2026-07-01;1518;8888;227,6;E-COMMERCE
2026-07-01;630;1953;1215,72;TELEMARKETING
2026-07-01;89;8888;9553,3;FORÇA DE VENDAS
2026-07-01;1996;13148;479,84;TELEMARKETING
2026-07-01;89;13148;480,81;TELEMARKETING
2026-07-01;2449;8888;9247,28;FORÇA DE VENDAS
2026-07-01;2178;738;3345,87;TELEMARKETING
2026-07-01;802;738;1135,11;TELEMARKETING
2026-07-01;772;2845;447,3;TELEMARKETING
2026-07-01;2773;8888;10392,85;FORÇA DE VENDAS
2026-07-01;571;8888;26979,72;FORÇA DE VENDAS
2026-07-01;2684;8888;6000,06;FORÇA DE VENDAS
2026-07-01;132;691;982,75;TELEMARKETING
2026-07-01;2359;8888;808,68;E-COMMERCE
2026-07-01;2541;8888;2095,86;FORÇA DE VENDAS
2026-07-01;2753;1884;1800,68;TELEMARKETING
2026-07-01;2081;8888;8323,52;FORÇA DE VENDAS
2026-07-01;2507;8888;11041,32;FORÇA DE VENDAS
2026-07-01;2758;8888;187,5;FORÇA DE VENDAS
2026-07-01;2698;1312;466,91;TELEMARKETING
2026-07-01;1993;8888;802,38;E-COMMERCE
2026-07-01;2803;1899;1724,64;TELEMARKETING
2026-07-01;629;675;199,96;TELEMARKETING
2026-07-01;2114;1312;39,9;TELEMARKETING
2026-07-01;2801;423;895,86;TELEMARKETING
2026-07-01;2801;672;25,9;TELEMARKETING
2026-07-01;1518;58;231,2;TELEMARKETING
2026-07-01;326;1533;223,52;TELEMARKETING
2026-07-01;477;8888;79,95;E-COMMERCE
2026-07-01;1102;13148;173,94;TELEMARKETING
2026-07-01;1937;8888;1342,74;E-COMMERCE
2026-07-01;131;8888;994,26;E-COMMERCE
2026-07-01;1873;8888;14499,98;FORÇA DE VENDAS
2026-07-01;2797;8888;643,39;E-COMMERCE
2026-07-01;2362;8888;8361,65;FORÇA DE VENDAS
2026-07-01;2667;8888;247,92;FORÇA DE VENDAS
2026-07-01;571;2845;621,78;TELEMARKETING
2026-07-01;2571;8888;142,75;FORÇA DE VENDAS
2026-07-01;2663;1885;734,4;TELEMARKETING
2026-07-01;1653;8888;4908,31;FORÇA DE VENDAS
2026-07-01;2735;8888;603,82;FORÇA DE VENDAS
2026-07-01;1299;2523;4934,1;TELEMARKETING
2026-07-01;2663;2184;1116,8;TELEMARKETING
2026-07-01;2753;8888;1138,04;FORÇA DE VENDAS
2026-07-01;2183;8888;364,68;FORÇA DE VENDAS
2026-07-01;2146;8888;285,6;FORÇA DE VENDAS
2026-07-01;2698;8888;410,42;E-COMMERCE
2026-07-01;2392;1762;4840,13;TELEMARKETING
2026-07-01;2392;8888;427,43;E-COMMERCE
2026-07-01;1374;8888;15,99;E-COMMERCE
2026-07-01;2709;8888;8609,23;FORÇA DE VENDAS
2026-07-01;636;8888;7691,6;FORÇA DE VENDAS
2026-07-01;2114;8888;39,94;E-COMMERCE
2026-07-01;2799;1312;4377,05;TELEMARKETING
2026-07-01;477;58;923,75;TELEMARKETING
2026-07-01;818;8888;45692,37;FORÇA DE VENDAS
2026-07-01;326;3196;0,0;TELEMARKETING
2026-07-01;675;8888;3607,64;FORÇA DE VENDAS
2026-07-01;1304;213;2431,5;TELEMARKETING
2026-07-01;2697;1312;18828,77;TELEMARKETING
2026-07-01;450;672;743,76;TELEMARKETING
2026-07-01;2678;1898;1170,3;TELEMARKETING
2026-07-01;2639;3449;263,92;TELEMARKETING
2026-07-01;360;1954;2574,61;TELEMARKETING
2026-07-01;1364;8888;48,85;E-COMMERCE
2026-07-01;2069;8888;15497,3;FORÇA DE VENDAS
2026-07-01;951;8888;21044,18;FORÇA DE VENDAS
2026-07-01;400;8888;14889,6;FORÇA DE VENDAS
2026-07-01;2308;8888;557,6;E-COMMERCE
2026-07-01;1254;8888;40275,28;FORÇA DE VENDAS
2026-07-01;2657;8888;15924,9;FORÇA DE VENDAS
2026-07-01;360;8888;9955,53;E-COMMERCE
2026-07-01;2732;519;52,98;TELEMARKETING
2026-07-01;2734;423;32,9;TELEMARKETING
2026-07-01;104;8888;14486,3;FORÇA DE VENDAS
2026-07-01;1102;8888;2163,73;FORÇA DE VENDAS
2026-07-01;2411;8888;88,01;E-COMMERCE
2026-07-01;2510;8888;10940,35;PEDIDO ELETRÔNICO
2026-07-01;2728;8888;2659,52;E-COMMERCE
2026-07-01;424;8888;1837,57;FORÇA DE VENDAS
2026-07-01;2738;1929;6,9;TELEMARKETING
2026-07-01;2741;423;127,98;TELEMARKETING
2026-07-01;1642;8888;21063,31;FORÇA DE VENDAS
2026-07-01;1642;8888;17527,42;E-COMMERCE
2026-07-01;2375;519;165,78;TELEMARKETING
2026-07-01;2375;8888;3151,15;E-COMMERCE
2026-07-01;2375;1884;702,19;TELEMARKETING
2026-07-01;2250;27;2674,25;TELEMARKETING
2026-07-01;1372;8888;19492,07;FORÇA DE VENDAS
2026-07-01;1372;3009;131,6;TELEMARKETING
2026-07-01;2463;8888;888,51;E-COMMERCE
2026-07-01;2660;8888;2192,4;E-COMMERCE
2026-07-01;2363;3009;8139,4;TELEMARKETING
2026-07-01;2651;8888;712,61;FORÇA DE VENDAS
2026-07-01;2651;13148;807,4;TELEMARKETING
2026-07-01;477;8888;6006,19;FORÇA DE VENDAS
2026-07-01;1064;27;1598,61;TELEMARKETING
2026-07-01;1137;8888;26039,93;FORÇA DE VENDAS
2026-07-01;2325;8888;7916,96;FORÇA DE VENDAS
2026-07-01;1381;8888;37389,94;FORÇA DE VENDAS
2026-07-01;1642;2184;1071,93;TELEMARKETING
2026-07-01;2392;8888;2001,57;FORÇA DE VENDAS
2026-07-01;1020;8888;18406,95;FORÇA DE VENDAS
2026-07-01;1075;8888;34612,5;FORÇA DE VENDAS
2026-07-01;2488;672;60,7;TELEMARKETING
2026-07-01;2375;1885;752,0;TELEMARKETING
2026-07-01;2599;8888;12280,0;FORÇA DE VENDAS
2026-07-01;2790;1953;8834,56;TELEMARKETING
2026-07-01;2790;2853;339,88;TELEMARKETING
2026-07-01;2330;1954;1797,35;TELEMARKETING
2026-07-01;2276;8888;355,9;FORÇA DE VENDAS
2026-07-01;2686;8888;4376,06;FORÇA DE VENDAS
2026-07-01;1064;8888;255,92;E-COMMERCE
2026-07-01;1907;1778;396,05;TELEMARKETING
2026-07-01;2655;519;2527,6;TELEMARKETING
2026-07-01;1907;2727;739,87;TELEMARKETING
2026-07-01;2421;8888;6946,59;FORÇA DE VENDAS
2026-07-01;1996;8888;1157,41;E-COMMERCE
2026-07-01;1450;8888;41025,37;FORÇA DE VENDAS
2026-07-01;1478;8888;202,71;E-COMMERCE
2026-07-01;1340;2845;159,6;TELEMARKETING
2026-07-01;610;8888;10222,08;E-COMMERCE
2026-07-01;2793;8888;5444,32;E-COMMERCE
2026-07-01;2789;8888;330,9;E-COMMERCE
2026-07-01;2790;8888;3389,8;FORÇA DE VENDAS
2026-07-01;2792;874;2139,14;TELEMARKETING
2026-07-01;530;3403;143,62;TELEMARKETING
2026-07-01;1690;8888;185,96;E-COMMERCE
2026-07-01;326;1214;6,99;TELEMARKETING
2026-07-01;781;1139;399,2;TELEMARKETING
2026-07-01;2183;8888;1367,48;PEDIDO ELETRÔNICO
2026-07-01;2726;8888;525,23;E-COMMERCE
2026-07-01;42;8888;722,01;E-COMMERCE
2026-07-01;941;3449;913,38;TELEMARKETING
2026-07-01;2363;213;234,8;TELEMARKETING
2026-07-01;1117;738;114,0;TELEMARKETING
2026-07-01;1289;8888;290,4;E-COMMERCE
2026-07-01;1585;1778;527,73;TELEMARKETING
2026-07-01;949;1258;130,25;TELEMARKETING
2026-07-01;1299;2522;9252,2;TELEMARKETING
2026-07-01;2730;672;123,96;TELEMARKETING
2026-07-01;2082;1762;9130,8;TELEMARKETING
2026-07-01;1308;8888;26240,47;FORÇA DE VENDAS
2026-07-01;1308;1312;4764,75;TELEMARKETING
2026-07-01;2245;8888;5144,9;FORÇA DE VENDAS
2026-07-01;2197;8888;20382,38;FORÇA DE VENDAS
2026-07-01;2580;3449;905,97;TELEMARKETING
2026-07-01;1642;1899;418,8;TELEMARKETING
2026-07-01;2659;2184;3796,96;TELEMARKETING
2026-07-01;525;1087;7467,38;TELEMARKETING
2026-07-01;2680;8888;13393,86;FORÇA DE VENDAS
2026-07-01;2442;738;8603,79;TELEMARKETING
2026-07-01;1344;2845;394,8;TELEMARKETING
2026-07-01;663;841;544,6;TELEMARKETING
2026-07-01;2793;1929;2654,08;TELEMARKETING
2026-07-01;2631;2853;13323,3;TELEMARKETING
2026-07-01;452;8888;40567,42;FORÇA DE VENDAS
2026-07-01;1384;8888;580,35;E-COMMERCE
2026-07-01;1117;8888;1085,86;E-COMMERCE
2026-07-01;634;8888;24563,2;E-COMMERCE
2026-07-01;351;8888;247,86;E-COMMERCE
2026-07-01;483;841;183,32;TELEMARKETING
2026-07-01;2706;1953;1197,58;TELEMARKETING
2026-07-01;326;38;108,6;TELEMARKETING
2026-07-01;326;3009;145,8;TELEMARKETING
2026-07-01;1108;874;6182,33;TELEMARKETING
2026-07-01;1137;8888;3568,11;E-COMMERCE
2026-07-01;1137;2220;8947,65;TELEMARKETING
2026-07-01;2223;2494;89,88;TELEMARKETING
2026-07-01;2223;3465;161,59;TELEMARKETING
2026-07-01;2082;8888;14889,68;FORÇA DE VENDAS
2026-07-01;2621;8888;267,2;E-COMMERCE
2026-07-01;1308;2220;1299,84;TELEMARKETING
2026-07-01;2684;8888;262,43;E-COMMERCE
2026-07-01;2714;8888;917,29;FORÇA DE VENDAS
2026-07-01;2698;874;12547,0;TELEMARKETING
2026-07-01;1142;8888;86444,46;FORÇA DE VENDAS
2026-07-01;1834;8888;2009,54;FORÇA DE VENDAS
2026-07-01;2118;8888;87633,67;FORÇA DE VENDAS
2026-07-01;1539;1885;401,2;TELEMARKETING
2026-07-01;947;8888;7569,09;PEDIDO ELETRÔNICO
2026-07-01;2394;8888;14040,36;FORÇA DE VENDAS
2026-07-01;1327;8888;113,8;E-COMMERCE
2026-07-01;1063;8888;9181,79;FORÇA DE VENDAS
2026-07-01;2768;1312;339,84;TELEMARKETING
2026-07-01;619;8888;4108,02;FORÇA DE VENDAS
2026-07-01;2652;8888;3587,34;FORÇA DE VENDAS
2026-07-01;2613;8888;1932,86;E-COMMERCE
2026-07-01;2431;8888;6918,66;FORÇA DE VENDAS
2026-07-01;451;8888;78,37;E-COMMERCE
2026-07-01;2655;8888;215,64;E-COMMERCE
2026-07-01;767;8888;9115,28;FORÇA DE VENDAS
2026-07-01;2631;8888;1547,46;E-COMMERCE
2026-07-01;609;8888;32225,39;FORÇA DE VENDAS
2026-07-01;1102;8888;272,16;E-COMMERCE
2026-07-01;2452;8888;8999,37;FORÇA DE VENDAS
2026-07-01;2249;2727;2427,11;TELEMARKETING
2026-07-01;1632;423;1545,54;TELEMARKETING
2026-07-01;890;1533;6719,24;TELEMARKETING
2026-07-01;1890;2853;4448,84;TELEMARKETING
2026-07-01;1873;519;267,2;TELEMARKETING
2026-07-01;2767;8888;2322,89;E-COMMERCE
2026-07-01;2767;1898;1137,29;TELEMARKETING
2026-07-01;2402;2727;928,08;TELEMARKETING
2026-07-01;2359;8888;14301,15;FORÇA DE VENDAS
2026-07-01;2258;8888;616,7;FORÇA DE VENDAS
2026-07-01;664;8888;1219,99;E-COMMERCE
2026-07-01;664;8888;3553,85;FORÇA DE VENDAS
2026-07-01;2333;8888;1798,36;FORÇA DE VENDAS
2026-07-01;2333;8888;59,75;E-COMMERCE
2026-07-01;2081;738;227,6;TELEMARKETING
2026-07-01;1108;1312;117,39;TELEMARKETING
2026-07-01;2777;672;508,76;TELEMARKETING
2026-07-01;2163;8888;9885,31;FORÇA DE VENDAS
2026-07-01;2709;8888;115,96;E-COMMERCE
2026-07-01;636;2571;5720,99;TELEMARKETING
2026-07-01;636;1281;130,15;TELEMARKETING
2026-07-01;2804;519;267,2;TELEMARKETING
2026-07-01;2413;8888;37150,59;FORÇA DE VENDAS
2026-07-01;2413;3442;383,23;TELEMARKETING
2026-07-01;2114;1954;7944,11;TELEMARKETING
2026-07-01;2768;874;12656,45;TELEMARKETING
2026-07-01;2768;1954;511,76;TELEMARKETING
2026-07-01;1344;8888;61,9;E-COMMERCE
2026-07-01;2442;8888;2782,41;FORÇA DE VENDAS
2026-07-01;1344;213;289,72;TELEMARKETING
2026-07-01;663;8888;1960,84;E-COMMERCE
2026-07-01;2613;8888;23452,75;FORÇA DE VENDAS
2026-07-01;2431;738;1713,15;TELEMARKETING
2026-07-01;767;1087;1999,36;TELEMARKETING
2026-07-01;2000;1953;2578,26;TELEMARKETING
2026-07-01;1384;8888;52417,31;FORÇA DE VENDAS
2026-07-01;1937;675;335,88;TELEMARKETING
2026-07-01;1632;8888;6461,81;FORÇA DE VENDAS
2026-07-01;2541;8888;32,9;E-COMMERCE
2026-07-01;285;58;675,27;TELEMARKETING
2026-07-01;2667;2853;6660,14;TELEMARKETING
2026-07-01;854;8888;263,6;E-COMMERCE
2026-07-01;2146;1133;94,84;TELEMARKETING
2026-07-01;2528;3179;1555,72;TELEMARKETING
2026-07-01;1466;8888;41329,44;FORÇA DE VENDAS
2026-07-01;1075;805;1467,25;TELEMARKETING
2026-07-01;854;8888;21244,84;FORÇA DE VENDAS
2026-07-01;2750;1899;267,2;TELEMARKETING
2026-07-01;429;1281;1744,88;TELEMARKETING
2026-07-01;1381;213;346,8;TELEMARKETING
2026-07-01;1381;3009;231,2;TELEMARKETING
2026-07-01;1374;2845;613,74;TELEMARKETING
2026-07-01;2251;8888;693,6;E-COMMERCE
2026-07-01;816;3009;2098,92;TELEMARKETING
2026-07-01;2810;8888;11948,4;FORÇA DE VENDAS
2026-07-01;2810;672;1756,66;TELEMARKETING
2026-07-01;2085;1778;5749,6;TELEMARKETING
2026-07-01;1007;8888;17955,68;FORÇA DE VENDAS
2026-07-01;2798;8888;183,92;E-COMMERCE
2026-07-01;477;805;136,84;TELEMARKETING
2026-07-01;2576;2220;352,25;TELEMARKETING
2026-07-01;2510;1762;6804,76;TELEMARKETING
2026-07-01;2365;8888;-399,2;FORÇA DE VENDAS
2026-07-01;2064;8888;-272,13;FORÇA DE VENDAS
2026-07-01;2768;8888;45973,64;FORÇA DE VENDAS
2026-07-01;1956;672;3911,77;TELEMARKETING
2026-07-01;138;13148;47,87;TELEMARKETING
2026-07-01;2488;1087;29,7;TELEMARKETING
2026-07-01;2621;8888;247,92;FORÇA DE VENDAS
2026-07-01;630;8888;735,8;E-COMMERCE
2026-07-01;2440;8888;6609,48;FORÇA DE VENDAS
2026-07-01;1374;8888;17274,74;FORÇA DE VENDAS
2026-07-01;2686;1929;4748,8;TELEMARKETING
2026-07-01;1064;8888;13158,56;FORÇA DE VENDAS
2026-07-01;1254;3179;20,7;TELEMARKETING
2026-07-01;2109;8888;3366,11;FORÇA DE VENDAS
2026-07-01;1876;1929;479,92;TELEMARKETING
2026-07-01;438;8888;4193,3;FORÇA DE VENDAS
2026-07-01;2655;1885;611,88;TELEMARKETING
2026-07-01;2190;8888;28664,12;FORÇA DE VENDAS
2026-07-01;424;8888;3577,95;E-COMMERCE
2026-07-01;2421;3009;1597,6;TELEMARKETING
2026-07-01;595;8888;38780,33;FORÇA DE VENDAS
2026-07-01;2737;8888;633,34;FORÇA DE VENDAS
2026-07-01;2737;1899;457,52;TELEMARKETING
2026-07-01;353;3179;4938,94;TELEMARKETING
2026-07-01;2250;8888;15561,09;FORÇA DE VENDAS
2026-07-01;1116;8888;163,29;E-COMMERCE
2026-07-01;325;1139;213,6;TELEMARKETING
2026-07-01;2799;8888;4021,48;FORÇA DE VENDAS
2026-07-01;429;1312;255,8;TELEMARKETING
2026-07-01;2687;1929;62,7;TELEMARKETING
2026-07-01;2660;423;1201,74;TELEMARKETING
2026-07-01;619;8888;565,67;E-COMMERCE
2026-07-01;483;8888;9891,35;FORÇA DE VENDAS
2026-07-01;40;8888;320,3;E-COMMERCE
2026-07-01;1380;8888;4442,72;FORÇA DE VENDAS
2026-07-01;2448;3009;95,94;TELEMARKETING
2026-07-01;2571;1954;134,2;TELEMARKETING
2026-07-01;2765;8888;602,66;E-COMMERCE
2026-07-01;2648;1087;5145,8;TELEMARKETING
2026-07-01;2648;8888;37,67;E-COMMERCE
2026-07-01;2433;2845;578,74;TELEMARKETING
2026-07-01;2433;213;369,76;TELEMARKETING
2026-07-01;580;8888;5190,23;FORÇA DE VENDAS
2026-07-01;2448;8888;8753,25;FORÇA DE VENDAS
2026-07-01;2089;1533;8726,31;TELEMARKETING
2026-07-01;2686;8888;2015,48;E-COMMERCE
2026-07-01;2308;8888;8321,47;FORÇA DE VENDAS
2026-07-01;2726;1087;1951,52;TELEMARKETING
2026-07-01;2107;874;109,02;TELEMARKETING
2026-07-01;2657;8888;1630,95;E-COMMERCE
2026-07-01;441;8888;8783,33;FORÇA DE VENDAS
2026-07-01;415;8888;71359,19;FORÇA DE VENDAS
2026-07-01;2279;8888;3523,27;FORÇA DE VENDAS
2026-07-01;2279;8888;538,96;E-COMMERCE
2026-07-01;1465;3403;321,78;TELEMARKETING
2026-07-01;2190;691;3027,93;TELEMARKETING
2026-07-01;2124;8888;9494,83;FORÇA DE VENDAS
2026-07-01;595;691;2102,14;TELEMARKETING
2026-07-01;1642;1884;115,07;TELEMARKETING
2026-07-01;953;8888;490,16;E-COMMERCE
2026-07-01;353;8888;2659,0;E-COMMERCE
2026-07-01;363;8888;11001,25;FORÇA DE VENDAS
2026-07-01;2635;8888;1200,22;FORÇA DE VENDAS
2026-07-01;1873;8888;5361,85;E-COMMERCE
2026-07-01;325;8888;1298,14;E-COMMERCE
2026-07-01;483;8888;2182,53;E-COMMERCE
2026-07-01;2660;8888;6422,24;FORÇA DE VENDAS
2026-07-01;2045;8888;263,92;E-COMMERCE
2026-07-01;131;27;935,71;TELEMARKETING
2026-07-01;2674;8888;648,18;E-COMMERCE
2026-07-01;781;805;750,4;TELEMARKETING
2026-07-01;522;8888;5846,56;FORÇA DE VENDAS
2026-07-01;2045;3449;34546,1;TELEMARKETING
2026-07-01;1289;1929;2769,91;TELEMARKETING
2026-07-01;1142;8888;1801,68;E-COMMERCE
2026-07-01;1299;27;22882,69;TELEMARKETING
2026-07-01;1308;1954;339,98;TELEMARKETING
2026-07-01;2045;1953;19813,66;TELEMARKETING
2026-07-01;2325;1778;1617,98;TELEMARKETING
2026-07-01;2698;8888;16701,3;FORÇA DE VENDAS
2026-07-01;2245;8888;6366,0;E-COMMERCE
2026-07-01;2697;8888;16355,84;FORÇA DE VENDAS
2026-07-01;2568;8888;10130,34;FORÇA DE VENDAS
2026-07-01;2568;2727;4208,41;TELEMARKETING
2026-07-01;2568;8888;826,15;E-COMMERCE
2026-07-01;1075;8888;13908,41;E-COMMERCE
2026-07-01;2567;1778;1610,08;TELEMARKETING
2026-07-01;1983;841;322,98;TELEMARKETING
2026-07-01;325;1898;234,72;TELEMARKETING
2026-07-01;1063;58;73,89;TELEMARKETING
2026-07-01;2211;1954;251,79;TELEMARKETING
2026-07-01;2728;977;559,1;TELEMARKETING
2026-07-01;1907;3442;4128,96;TELEMARKETING
2026-07-01;703;8888;1699,37;E-COMMERCE
2026-07-01;535;2220;454,63;TELEMARKETING
2026-07-01;535;8888;6184,25;FORÇA DE VENDAS
2026-07-01;353;8888;22666,78;FORÇA DE VENDAS
2026-07-01;522;8888;6,99;E-COMMERCE
2026-07-01;1116;8888;1518,95;FORÇA DE VENDAS
2026-07-01;2789;8888;12253,65;FORÇA DE VENDAS
2026-07-01;2705;1762;8225,51;TELEMARKETING
2026-07-01;326;8888;4706,93;E-COMMERCE
2026-07-01;2726;1929;1103,76;TELEMARKETING
2026-07-01;2727;3179;376,7;TELEMARKETING
2026-07-01;2490;1884;3892,49;TELEMARKETING
2026-07-01;285;8888;1562,29;E-COMMERCE
2026-07-01;1392;2752;145,7;TELEMARKETING
2026-07-01;2687;8888;469,71;E-COMMERCE
2026-07-01;2745;1883;253,58;TELEMARKETING
2026-07-01;2730;3179;77,7;TELEMARKETING
2026-07-01;2082;1778;171,6;TELEMARKETING
2026-07-01;2714;519;17066,01;TELEMARKETING
2026-07-01;2365;3467;106,73;TELEMARKETING
2026-07-01;2197;423;27160,82;TELEMARKETING
2026-07-01;2431;8888;502,44;E-COMMERCE
2026-07-01;2580;8888;623,76;FORÇA DE VENDAS
2026-07-01;2647;8888;707,6;FORÇA DE VENDAS
2026-07-01;525;8888;20243,7;FORÇA DE VENDAS
2026-07-01;818;519;4938,41;TELEMARKETING
2026-07-01;2510;8888;105482,07;FORÇA DE VENDAS
2026-07-01;2510;1778;396,97;TELEMARKETING
2026-07-01;2491;1312;5485,25;TELEMARKETING
2026-07-01;2449;841;138,32;TELEMARKETING
2026-07-01;325;1098;50,06;TELEMARKETING
2026-07-01;2680;874;1666,48;TELEMARKETING
2026-07-01;1907;1762;78,53;TELEMARKETING
2026-07-01;2442;1533;609,0;TELEMARKETING
2026-07-01;663;8888;13271,52;FORÇA DE VENDAS
2026-07-01;1293;8888;2236,34;E-COMMERCE
2026-07-01;451;8888;13692,49;FORÇA DE VENDAS
2026-07-01;2795;3389;91,8;TELEMARKETING
2026-07-01;2631;1953;323,88;TELEMARKETING
2026-07-01;609;8888;1125,06;E-COMMERCE
2026-07-01;1340;8888;645,74;E-COMMERCE
2026-07-01;890;8888;49295,95;FORÇA DE VENDAS
2026-07-01;890;8888;3672,6;E-COMMERCE
2026-07-01;1142;1762;1863,7;TELEMARKETING
2026-07-01;2767;2220;339,66;TELEMARKETING
2026-07-01;535;8888;813,37;E-COMMERCE
2026-07-01;2362;3009;309,01;TELEMARKETING
2026-07-01;2787;1312;41,43;TELEMARKETING
2026-07-01;2635;8888;588,24;E-COMMERCE
2026-07-01;2786;1885;279,84;TELEMARKETING
2026-07-01;358;8888;10689,42;FORÇA DE VENDAS
2026-07-01;358;8888;1486,87;E-COMMERCE
2026-07-01;1317;8888;150,8;E-COMMERCE
2026-07-01;2735;1899;978,0;TELEMARKETING
2026-07-01;20;2845;363,18;TELEMARKETING
2026-07-01;2783;8888;267,2;E-COMMERCE
2026-07-01;854;1884;1396,0;TELEMARKETING
2026-07-01;2753;1899;311,04;TELEMARKETING
2026-07-01;2753;8888;383,92;E-COMMERCE
2026-07-01;429;8888;6283,53;FORÇA DE VENDAS
2026-07-01;2507;874;1413,82;TELEMARKETING
2026-07-01;2804;8888;279,69;FORÇA DE VENDAS
2026-07-01;2383;8888;32541,76;FORÇA DE VENDAS
2026-07-01;2394;8888;705,24;E-COMMERCE
2026-07-01;2394;2727;3338,6;TELEMARKETING
2026-07-01;2510;8888;362,9;E-COMMERCE
2026-07-01;1518;8888;18209,8;FORÇA DE VENDAS
2026-07-01;20;8888;26618,35;FORÇA DE VENDAS
2026-07-01;1499;8888;179,1;FORÇA DE VENDAS
2026-07-01;1278;8888;474,75;E-COMMERCE
2026-07-01;2652;1883;3685,64;TELEMARKETING
2026-07-01;2652;519;959,8;TELEMARKETING
2026-07-01;451;3403;344,49;TELEMARKETING
2026-07-01;952;8888;271,35;E-COMMERCE
2026-07-01;2574;2661;79,76;TELEMARKETING
2026-07-01;2574;8888;7312,2;FORÇA DE VENDAS
2026-07-01;452;213;405,65;TELEMARKETING
2026-07-01;2249;8888;40312,79;FORÇA DE VENDAS
2026-07-01;1956;423;4819,2;TELEMARKETING
2026-07-01;1632;8888;319,76;E-COMMERCE
2026-07-01;2449;8888;114,9;E-COMMERCE
2026-07-01;802;8888;4461,24;FORÇA DE VENDAS
2026-07-01;132;8888;43517,0;FORÇA DE VENDAS
2026-07-01;2674;1883;4381,51;TELEMARKETING
2026-07-01;2145;8888;87,15;FORÇA DE VENDAS
2026-07-01;2251;3403;2106,75;TELEMARKETING
2026-07-01;2786;1884;3302,64;TELEMARKETING
2026-07-01;2786;1883;853,25;TELEMARKETING
2026-07-01;2787;8888;89,1;FORÇA DE VENDAS
2026-07-01;1653;8888;1269,7;E-COMMERCE
2026-07-01;2735;1885;175,6;TELEMARKETING
2026-07-01;2607;1953;1559,28;TELEMARKETING
2026-07-01;2606;2727;8480,56;TELEMARKETING
2026-07-01;2496;8888;430,96;FORÇA DE VENDAS
2026-07-01;2183;2494;408,08;TELEMARKETING
2026-07-01;1450;1778;39,0;TELEMARKETING
2026-07-01;559;8888;7518,23;FORÇA DE VENDAS
2026-07-01;2392;1778;3889,7;TELEMARKETING
2026-07-01;58;675;125,15;TELEMARKETING
2026-07-01;1137;1898;156,82;TELEMARKETING
2026-07-01;636;1898;130,04;TELEMARKETING
2026-07-01;2601;8888;14254,28;FORÇA DE VENDAS
2026-07-01;2651;58;286,65;TELEMARKETING
2026-07-01;2131;8888;-4751,04;FORÇA DE VENDAS
2026-07-01;772;8888;59656,66;FORÇA DE VENDAS
2026-07-01;285;805;2451,19;TELEMARKETING
2026-07-01;1996;8888;13327,59;FORÇA DE VENDAS
2026-07-01;6;1533;15799,42;TELEMARKETING
2026-07-01;816;8888;28844,84;FORÇA DE VENDAS
2026-07-01;2661;2845;2881,78;TELEMARKETING
2026-07-01;1808;8888;53,8;E-COMMERCE
2026-07-01;2488;3449;244,05;TELEMARKETING
2026-07-01;716;1883;311,04;TELEMARKETING
2026-07-01;2566;519;407,92;TELEMARKETING
2026-07-01;2571;1312;6771,04;TELEMARKETING
2026-07-01;2648;8888;2706,8;FORÇA DE VENDAS
2026-07-01;400;8888;872,03;E-COMMERCE
2026-07-01;1254;2853;131,96;TELEMARKETING
2026-07-01;2107;1954;5148,42;TELEMARKETING
2026-07-01;2109;2571;157,0;TELEMARKETING
2026-07-01;360;8888;30821,9;FORÇA DE VENDAS
2026-07-01;360;1312;520,11;TELEMARKETING
2026-07-01;415;738;418,8;TELEMARKETING
2026-07-01;1317;3179;7916,82;TELEMARKETING
2026-07-01;33;8888;21041,74;FORÇA DE VENDAS
2026-07-01;2655;8888;1522,76;FORÇA DE VENDAS
2026-07-01;2786;8888;1871,98;FORÇA DE VENDAS
2026-07-01;1653;1281;11674,14;TELEMARKETING
2026-07-01;415;8888;505,2;E-COMMERCE
2026-07-01;2333;2494;68,7;TELEMARKETING
2026-07-01;2516;1087;4039,98;TELEMARKETING
2026-07-01;2742;8888;133,6;E-COMMERCE
2026-07-01;609;1929;495,84;TELEMARKETING
2026-07-01;2507;2571;3239,09;TELEMARKETING
2026-07-01;2494;8888;129,9;FORÇA DE VENDAS
2026-07-01;2674;1884;383,92;TELEMARKETING
2026-07-01;1381;8888;175,92;E-COMMERCE
2026-07-01;1871;2661;113,44;TELEMARKETING
2026-07-01;559;8888;1090,91;E-COMMERCE
2026-07-01;2709;2220;1306,94;TELEMARKETING
2026-07-01;2163;8888;935,82;E-COMMERCE
2026-07-01;2576;8888;604,11;E-COMMERCE
2026-07-01;2606;8888;2980,77;FORÇA DE VENDAS
2026-07-01;2491;8888;12513,02;FORÇA DE VENDAS
2026-07-01;2607;8888;4537,89;FORÇA DE VENDAS
2026-07-01;1298;8888;46333,16;E-COMMERCE
2026-07-01;58;8888;8111,95;FORÇA DE VENDAS
2026-07-01;1846;3179;1418,96;TELEMARKETING
2026-07-01;2621;1883;4307,2;TELEMARKETING
2026-07-01;2678;1954;968,45;TELEMARKETING
2026-07-01;1890;1953;51376,31;TELEMARKETING
2026-07-01;783;8888;12824,36;FORÇA DE VENDAS
2026-07-01;2472;8888;6,9;E-COMMERCE
2026-07-01;951;8888;1853,56;E-COMMERCE
2026-07-01;2308;2220;926,84;TELEMARKETING
2026-07-01;1876;977;5749,66;TELEMARKETING
2026-07-01;2015;8888;16999,32;FORÇA DE VENDAS
2026-07-01;2015;8888;1942,47;E-COMMERCE
2026-07-01;351;738;1372,8;TELEMARKETING
2026-07-01;415;2845;1049,36;TELEMARKETING
2026-07-01;415;3009;27,96;TELEMARKETING
2026-07-01;2146;8888;105,06;E-COMMERCE
2026-07-01;2655;2184;511,2;TELEMARKETING
2026-07-01;535;2571;1588,23;TELEMARKETING
2026-07-01;363;8888;427,59;E-COMMERCE
2026-07-01;2765;1883;1805,59;TELEMARKETING
2026-07-01;1450;8888;4645,41;E-COMMERCE
2026-07-01;2250;8888;1592,51;E-COMMERCE
2026-07-01;2635;519;788,7;TELEMARKETING
2026-07-01;325;1214;15,89;TELEMARKETING
2026-07-01;1340;8888;12502,4;FORÇA DE VENDAS
2026-07-01;2793;977;3027,88;TELEMARKETING
2026-07-01;2789;1929;756,26;TELEMARKETING
2026-07-01;2660;672;1039,2;TELEMARKETING
2026-07-01;781;8888;5492,35;FORÇA DE VENDAS
2026-07-01;1277;8888;24813,88;FORÇA DE VENDAS
2026-07-01;2211;8888;48351,02;FORÇA DE VENDAS
2026-07-01;2211;8888;532,41;E-COMMERCE
2026-07-01;2363;8888;9615,52;FORÇA DE VENDAS
2026-07-01;1293;8888;12466,12;FORÇA DE VENDAS
2026-07-01;1585;1762;4149,79;TELEMARKETING
2026-07-01;1259;8888;484,3;FORÇA DE VENDAS
2026-07-01;634;691;945,2;TELEMARKETING
2026-07-01;2133;8888;393,39;E-COMMERCE
2026-07-01;326;213;879,1;TELEMARKETING
2026-07-01;1142;1778;3261,89;TELEMARKETING
2026-07-01;2697;874;435,54;TELEMARKETING
2026-07-01;1075;675;479,84;TELEMARKETING
2026-07-01;2107;8888;276,11;E-COMMERCE
2026-07-01;2735;8888;1405,18;E-COMMERCE
2026-07-01;953;58;616,45;TELEMARKETING
2026-07-01;1254;3449;7179,83;TELEMARKETING
2026-07-01;351;3009;3680,46;TELEMARKETING
2026-07-01;1317;8888;8402,19;FORÇA DE VENDAS
2026-07-01;2346;8888;350,72;E-COMMERCE
2026-07-01;2641;8888;471,88;E-COMMERCE
2026-07-01;1450;3442;1512,62;TELEMARKETING
2026-07-01;768;8888;26701,28;FORÇA DE VENDAS
2026-07-01;1478;8888;5287,59;FORÇA DE VENDAS
2026-07-01;1117;8888;7649,98;FORÇA DE VENDAS
2026-07-01;1117;1139;45,69;TELEMARKETING
2026-07-01;1996;691;3143,42;TELEMARKETING
2026-07-01;2791;8888;15274,02;FORÇA DE VENDAS
2026-07-01;2705;8888;41829,61;FORÇA DE VENDAS
2026-07-01;2705;8888;2544,35;E-COMMERCE
2026-07-01;631;1898;10746,89;TELEMARKETING
2026-07-01;2726;977;6031,62;TELEMARKETING
2026-07-01;1108;1954;339,73;TELEMARKETING
2026-07-01;2363;8888;579,96;E-COMMERCE
2026-07-01;1293;1281;3724,46;TELEMARKETING
2026-07-01;1585;8888;259,56;E-COMMERCE
2026-07-01;2452;8888;397,51;E-COMMERCE
2026-07-01;40;58;311,94;TELEMARKETING
2026-07-01;2745;8888;720,2;FORÇA DE VENDAS
2026-07-01;2799;874;4377,53;TELEMARKETING
2026-07-01;2133;2845;1943,52;TELEMARKETING
2026-07-01;2133;691;742,16;TELEMARKETING
2026-07-01;2697;1954;1914,38;TELEMARKETING
2026-07-01;2118;1954;3799,01;TELEMARKETING
2026-07-01;1539;8888;13241,66;FORÇA DE VENDAS
2026-07-01;1539;8888;123,96;E-COMMERCE
2026-07-01;2580;2853;161,76;TELEMARKETING
2026-07-01;1756;8888;21528,06;FORÇA DE VENDAS
2026-07-01;2567;8888;2563,12;FORÇA DE VENDAS
2026-07-01;2647;2494;59,8;TELEMARKETING
2026-07-01;525;8888;5208,38;E-COMMERCE
2026-07-01;2261;8888;222,8;FORÇA DE VENDAS
2026-07-01;1063;3403;1928,79;TELEMARKETING
2026-07-01;2648;423;315,66;TELEMARKETING
2026-07-01;619;1139;1633,73;TELEMARKETING
2026-07-01;1324;8888;118,54;E-COMMERCE
2026-07-01;1518;1533;3508,18;TELEMARKETING
2026-07-01;2341;8888;1212,49;FORÇA DE VENDAS
2026-07-01;2341;2661;29,7;TELEMARKETING
2026-07-01;1278;8888;4090,7;FORÇA DE VENDAS
2026-07-01;1278;1533;647,9;TELEMARKETING
2026-07-01;374;8888;11,98;E-COMMERCE
2026-07-01;27;8888;7297,1;FORÇA DE VENDAS
2026-07-01;27;738;375,2;TELEMARKETING
2026-07-01;767;8888;6725,92;E-COMMERCE
2026-07-01;609;3179;3900,7;TELEMARKETING
2026-07-01;452;8888;4368,61;E-COMMERCE
2026-07-01;1937;8888;5865,82;FORÇA DE VENDAS
2026-07-01;1869;8888;335,2;E-COMMERCE
2026-07-01;2411;8888;4447,55;FORÇA DE VENDAS
2026-07-01;89;1533;1355,05;TELEMARKETING
2026-07-01;89;8888;488,11;E-COMMERCE
2026-07-01;2178;8888;39666,77;FORÇA DE VENDAS
2026-07-01;285;1139;776,6;TELEMARKETING
2026-07-01;2667;3449;199,96;TELEMARKETING
2026-07-01;2773;2853;1995,94;TELEMARKETING
2026-07-01;2492;8888;1537,1;FORÇA DE VENDAS
2026-07-01;14;805;1387,91;TELEMARKETING
2026-07-01;2786;2184;1664,31;TELEMARKETING
2026-07-01;1324;8888;20988,65;FORÇA DE VENDAS
2026-07-01;2711;8888;5930,09;FORÇA DE VENDAS
2026-07-01;2711;1953;1855,03;TELEMARKETING
2026-07-01;27;2845;1856,52;TELEMARKETING
2026-07-01;2794;2184;2433,24;TELEMARKETING
2026-07-01;2794;8888;924,2;FORÇA DE VENDAS
2026-07-01;2804;8888;207,84;E-COMMERCE
2026-07-01;2633;1953;806,78;TELEMARKETING
2026-07-01;952;8888;2631,83;FORÇA DE VENDAS
2026-07-01;952;1899;267,2;TELEMARKETING
2026-07-01;452;2845;2080,8;TELEMARKETING
2026-07-01;945;8888;13376,09;PEDIDO ELETRÔNICO
2026-07-01;2449;3009;5239,0;TELEMARKETING
2026-07-01;1873;2184;64,3;TELEMARKETING
2026-07-01;2577;8888;8344,02;FORÇA DE VENDAS
2026-07-01;2767;8888;3450,71;FORÇA DE VENDAS
2026-07-01;2814;8888;4872,9;FORÇA DE VENDAS
2026-07-01;285;8888;9907,31;FORÇA DE VENDAS
2026-07-01;2773;3449;660,96;TELEMARKETING
2026-07-01;2684;1885;299,24;TELEMARKETING
2026-07-01;2674;8888;16112,15;FORÇA DE VENDAS
2026-07-01;2359;874;6766,74;TELEMARKETING
2026-07-01;14;8888;48526,39;FORÇA DE VENDAS
2026-07-01;14;1139;377,4;TELEMARKETING
2026-07-01;2787;977;29,7;TELEMARKETING
2026-07-01;1466;1884;1103,0;TELEMARKETING
2026-07-01;1658;213;559,2;TELEMARKETING
2026-07-01;675;1898;781,61;TELEMARKETING
2026-07-01;2745;8888;817,46;E-COMMERCE
2026-07-01;2516;8888;6052,4;FORÇA DE VENDAS
2026-07-01;2601;8888;827,58;E-COMMERCE
2026-07-01;2718;8888;125,7;FORÇA DE VENDAS
2026-07-01;2346;2185;448,5;TELEMARKETING
2026-07-01;559;841;23,94;TELEMARKETING
2026-07-01;58;8888;711,16;E-COMMERCE
2026-07-01;2601;1883;1311,5;TELEMARKETING
2026-07-01;2601;519;89,88;TELEMARKETING
2026-07-01;2641;1087;623,02;TELEMARKETING
2026-07-01;2413;8888;3359,21;E-COMMERCE
2026-07-01;2114;8888;31639,61;FORÇA DE VENDAS
2026-07-01;2801;3179;928,5;TELEMARKETING
2026-07-01;2651;8888;1152,4;E-COMMERCE
2026-07-01;1501;8888;8719,15;FORÇA DE VENDAS
2026-07-01;2492;8888;48,45;E-COMMERCE
2026-07-01;2687;8888;4067,2;FORÇA DE VENDAS
2026-07-01;2687;1087;603,88;TELEMARKETING
2026-07-01;629;8888;29749,88;FORÇA DE VENDAS
2026-07-01;2663;8888;7194,6;FORÇA DE VENDAS
2026-07-01;2133;8888;90543,0;FORÇA DE VENDAS
2026-07-01;2567;8888;135,7;E-COMMERCE
2026-07-01;1853;8888;12073,02;FORÇA DE VENDAS
2026-07-01;2641;8888;11,59;FORÇA DE VENDAS
2026-07-01;1890;3449;81379,94;TELEMARKETING
2026-07-01;1344;8888;18457,43;FORÇA DE VENDAS
2026-07-01;131;8888;12615,96;FORÇA DE VENDAS
2026-07-01;2463;1139;25574,75;TELEMARKETING
2026-07-01;1456;8888;75386,96;FORÇA DE VENDAS
2026-07-01;1690;691;705,97;TELEMARKETING
2026-07-01;1380;213;278,31;TELEMARKETING
2026-07-01;2566;2184;282,18;TELEMARKETING
2026-07-01;2671;8888;880,72;E-COMMERCE
2026-07-01;535;1898;2162,27;TELEMARKETING
2026-07-01;2678;1312;813,48;TELEMARKETING
2026-07-01;2472;8888;1339,36;FORÇA DE VENDAS
2026-07-01;2085;8888;-1478,98;FORÇA DE VENDAS
2026-07-01;2402;8888;39202,98;FORÇA DE VENDAS
2026-07-01;1993;8888;-1843,54;FORÇA DE VENDAS
2026-07-01;1658;8888;10574,65;FORÇA DE VENDAS
2026-07-01;2107;8888;58668,84;FORÇA DE VENDAS
2026-07-01;703;8888;61983,82;FORÇA DE VENDAS
2026-07-01;1869;8888;22981,42;FORÇA DE VENDAS
2026-07-01;358;546;5416,3;TELEMARKETING
2026-07-01;2251;8888;10744,64;FORÇA DE VENDAS
2026-07-01;2201;8888;322,83;E-COMMERCE
2026-07-01;1427;3009;1672,34;TELEMARKETING
2026-07-01;2621;1884;2244,6;TELEMARKETING
2026-07-01;2571;8888;414,43;E-COMMERCE
2026-07-01;341;58;365,39;TELEMARKETING
2026-07-01;360;546;13211,85;TELEMARKETING
2026-07-01;2472;2853;10838,23;TELEMARKETING
2026-07-01;2472;3449;89,7;TELEMARKETING
2026-07-01;953;8888;12245,58;FORÇA DE VENDAS
2026-07-01;2209;738;6337,35;TELEMARKETING
2026-07-01;2657;2853;8135,5;TELEMARKETING
2026-07-01;1876;8888;161,86;E-COMMERCE
2026-07-01;2015;2571;4717,38;TELEMARKETING
2026-07-01;351;8888;14238,12;FORÇA DE VENDAS
2026-07-01;1906;8888;8678,44;FORÇA DE VENDAS
2026-07-01;2279;1139;483,9;TELEMARKETING
2026-07-01;1465;8888;13129,21;FORÇA DE VENDAS
2026-07-01;949;1134;79,8;TELEMARKETING
2026-07-01;1907;8888;136218,13;FORÇA DE VENDAS
2026-07-01;675;8888;891,51;E-COMMERCE
2026-07-01;675;2571;402,19;TELEMARKETING
2026-07-01;363;1898;7281,31;TELEMARKETING
2026-07-01;2375;8888;23791,29;FORÇA DE VENDAS
2026-07-01;2765;8888;9450,92;FORÇA DE VENDAS
2026-07-01;1478;675;1282,92;TELEMARKETING
2026-07-01;1116;13148;2703,95;TELEMARKETING
2026-07-01;610;8888;7647,72;FORÇA DE VENDAS
2026-07-01;1996;213;4097,51;TELEMARKETING
2026-07-01;2223;8888;976,8;FORÇA DE VENDAS
2026-07-01;569;423;519,88;TELEMARKETING
2026-07-01;2791;1953;7049,14;TELEMARKETING
2026-07-01;2706;3449;1127,64;TELEMARKETING
2026-07-01;522;213;263,2;TELEMARKETING
2026-07-01;42;8888;4875,55;FORÇA DE VENDAS
2026-07-01;2211;874;5782,87;TELEMARKETING
2026-07-01;1289;8888;18014,85;FORÇA DE VENDAS
2026-07-01;1585;8888;3495,47;FORÇA DE VENDAS
2026-07-01;2069;8888;206,06;E-COMMERCE
2026-07-01;40;8888;2508,22;FORÇA DE VENDAS
2026-07-01;2745;1884;4367,86;TELEMARKETING
2026-07-01;2539;3009;3732,85;TELEMARKETING
2026-07-01;629;8888;1483,1;E-COMMERCE
2026-07-01;2045;2853;15465,12;TELEMARKETING
2026-07-01;1834;8888;543,3;E-COMMERCE
2026-07-01;1137;1281;771,9;TELEMARKETING
2026-07-01;1834;2661;40,74;TELEMARKETING
2026-07-01;1539;2184;6018,68;TELEMARKETING
2026-07-01;1642;1885;559,16;TELEMARKETING
2026-07-01;2383;874;1348,59;TELEMARKETING
2026-07-01;818;8888;3260,96;E-COMMERCE
2026-07-01;1327;8888;8702,08;FORÇA DE VENDAS
2026-07-01;1983;8888;629,5;E-COMMERCE
2026-07-01;1063;8888;798,4;E-COMMERCE
2026-07-01;2696;8888;51748,51;FORÇA DE VENDAS
2026-07-01;2696;1954;8216,8;TELEMARKETING
2026-08-01;2709;2220;1536,38;TELEMARKETING
2026-08-01;2298;675;446,72;TELEMARKETING
2026-08-01;2114;8888;7824,9;FORÇA DE VENDAS
2026-08-01;2114;1954;4189,59;TELEMARKETING
2026-08-01;477;58;436,1;TELEMARKETING
2026-08-01;2601;8888;275,12;E-COMMERCE
2026-08-01;2687;8888;590,84;E-COMMERCE
2026-08-01;2765;8888;89,69;E-COMMERCE
2026-08-01;2107;8888;824,66;E-COMMERCE
2026-08-01;2510;8888;12234,91;PEDIDO ELETRÔNICO
2026-08-01;949;1760;141,42;TELEMARKETING
2026-08-01;2705;1762;8756,78;TELEMARKETING
2026-08-01;2183;2494;1286,01;TELEMARKETING
2026-08-01;634;8888;22463,43;E-COMMERCE
2026-08-01;1996;691;222,04;TELEMARKETING
2026-08-01;1853;519;296,64;TELEMARKETING
2026-08-01;483;8888;20092,72;FORÇA DE VENDAS
2026-08-01;2791;8888;2257,42;FORÇA DE VENDAS
2026-08-01;2705;8888;10951,48;FORÇA DE VENDAS
2026-08-01;2706;2853;1297,64;TELEMARKETING
2026-08-01;89;8888;308,44;E-COMMERCE
2026-08-01;2824;8888;395,26;FORÇA DE VENDAS
2026-08-01;941;672;16,9;TELEMARKETING
2026-08-01;2211;8888;19,77;E-COMMERCE
2026-08-01;2211;0;278,65;TELEMARKETING
2026-08-01;1293;8888;5088,69;E-COMMERCE
2026-08-01;1142;8888;464,2;E-COMMERCE
2026-08-01;703;8888;985,87;E-COMMERCE
2026-08-01;1956;8888;1075,74;FORÇA DE VENDAS
2026-08-01;1075;8888;3876,63;E-COMMERCE
2026-08-01;1642;1883;268,72;TELEMARKETING
2026-08-01;2659;8888;251,13;FORÇA DE VENDAS
2026-08-01;2394;1778;1207,08;TELEMARKETING
2026-08-01;1907;8888;123914,97;FORÇA DE VENDAS
2026-08-01;1324;8888;3117,61;E-COMMERCE
2026-08-01;1344;8888;259,54;E-COMMERCE
2026-08-01;1278;1533;1893,5;TELEMARKETING
2026-08-01;2431;8888;10814,92;FORÇA DE VENDAS
2026-08-01;27;2845;375,2;TELEMARKETING
2026-08-01;1873;8888;3160,72;E-COMMERCE
2026-08-01;2631;2853;6692,38;TELEMARKETING
2026-08-01;2472;8888;38,98;E-COMMERCE
2026-08-01;363;422;826,68;TELEMARKETING
2026-08-01;2574;2661;143,52;TELEMARKETING
2026-08-01;1873;519;377,88;TELEMARKETING
2026-08-01;2667;8888;1935,05;FORÇA DE VENDAS
2026-08-01;2667;2853;121,67;TELEMARKETING
2026-08-01;772;8888;4226,88;E-COMMERCE
2026-08-01;2402;2727;1166,14;TELEMARKETING
2026-08-01;595;691;626,23;TELEMARKETING
2026-08-01;2261;8888;133,6;E-COMMERCE
2026-08-01;2571;1312;2877,31;TELEMARKETING
2026-08-01;2674;2184;822,58;TELEMARKETING
2026-08-01;2145;3467;15,98;TELEMARKETING
2026-08-01;2787;977;39,6;TELEMARKETING
2026-08-01;2801;672;3280,46;TELEMARKETING
2026-08-01;1299;2522;7304,82;TELEMARKETING
2026-08-01;424;8888;316,52;E-COMMERCE
2026-08-01;1869;8888;13407,46;FORÇA DE VENDAS
2026-08-01;675;422;48,06;TELEMARKETING
2026-08-01;2696;1954;815,53;TELEMARKETING
2026-08-01;2507;874;1153,48;TELEMARKETING
2026-08-01;2118;8888;44025,51;FORÇA DE VENDAS
2026-08-01;569;672;641,84;TELEMARKETING
2026-08-01;1381;8888;47243,19;FORÇA DE VENDAS
2026-08-01;2346;8888;141,46;E-COMMERCE
2026-08-01;816;8888;30312,98;FORÇA DE VENDAS
2026-08-01;2815;8888;388,8;FORÇA DE VENDAS
2026-08-01;2816;8888;576,97;FORÇA DE VENDAS
2026-08-01;2392;8888;157,29;E-COMMERCE
2026-08-01;58;675;212,39;TELEMARKETING
2026-08-01;783;8888;265,52;E-COMMERCE
2026-08-01;1996;8888;943,53;E-COMMERCE
2026-08-01;2791;2853;12353,86;TELEMARKETING
2026-08-01;89;8888;4875,53;FORÇA DE VENDAS
2026-08-01;2363;8888;12757,96;FORÇA DE VENDAS
2026-08-01;2178;8888;41,94;E-COMMERCE
2026-08-01;1293;1281;824,23;TELEMARKETING
2026-08-01;2069;8888;5032,92;FORÇA DE VENDAS
2026-08-01;2539;3009;3556,01;TELEMARKETING
2026-08-01;326;1214;26,98;TELEMARKETING
2026-08-01;326;38;1683,69;TELEMARKETING
2026-08-01;1834;8888;675,54;FORÇA DE VENDAS
2026-08-01;360;546;4812,66;TELEMARKETING
2026-08-01;360;8888;7611,26;FORÇA DE VENDAS
2026-08-01;360;1281;68,93;TELEMARKETING
2026-08-01;1478;8888;2401,97;FORÇA DE VENDAS
2026-08-01;326;3009;247,92;TELEMARKETING
2026-08-01;1642;8888;2486,09;E-COMMERCE
2026-08-01;2383;874;278,59;TELEMARKETING
2026-08-01;363;8888;1963,0;E-COMMERCE
2026-08-01;1327;8888;41,94;E-COMMERCE
2026-08-01;132;691;1190,08;TELEMARKETING
2026-08-01;1456;8888;66911,21;FORÇA DE VENDAS
2026-08-01;2442;738;2748,06;TELEMARKETING
2026-08-01;2819;8888;1866,9;FORÇA DE VENDAS
2026-08-01;2652;1883;3782,08;TELEMARKETING
2026-08-01;2795;3389;131,4;TELEMARKETING
2026-08-01;609;3179;2478,56;TELEMARKETING
2026-08-01;2660;0;53,8;TELEMARKETING
2026-08-01;2411;3465;226,33;TELEMARKETING
2026-08-01;890;738;361,56;TELEMARKETING
2026-08-01;818;1885;402,21;TELEMARKETING
2026-08-01;2449;8888;16371,13;FORÇA DE VENDAS
2026-08-01;1873;2184;436,46;TELEMARKETING
2026-08-01;2178;8888;7317,98;FORÇA DE VENDAS
2026-08-01;2541;8888;94,2;E-COMMERCE
2026-08-01;802;8888;2884,99;FORÇA DE VENDAS
2026-08-01;595;8888;17562,83;FORÇA DE VENDAS
2026-08-01;2684;1885;71,94;TELEMARKETING
2026-08-01;2145;8888;153,4;E-COMMERCE
2026-08-01;2783;8888;16,9;FORÇA DE VENDAS
2026-08-01;1299;2523;23118,47;TELEMARKETING
2026-08-01;1450;1778;826,4;TELEMARKETING
2026-08-01;1653;8888;276,18;E-COMMERCE
2026-08-01;629;8888;2653,67;E-COMMERCE
2026-08-01;629;805;521,82;TELEMARKETING
2026-08-01;2663;1885;528,32;TELEMARKETING
2026-08-01;2333;8888;31,8;E-COMMERCE
2026-08-01;2753;1884;607,53;TELEMARKETING
2026-08-01;2753;1883;131,76;TELEMARKETING
2026-08-01;358;8888;1005,14;E-COMMERCE
2026-08-01;2251;8888;284,38;E-COMMERCE
2026-08-01;2777;3179;11,99;TELEMARKETING
2026-08-01;2815;2185;21,9;TELEMARKETING
2026-08-01;2804;8888;803,12;FORÇA DE VENDAS
2026-08-01;2276;8888;493,49;FORÇA DE VENDAS
2026-08-01;285;8888;222,95;E-COMMERCE
2026-08-01;429;1281;1243,9;TELEMARKETING
2026-08-01;2362;8888;5834,98;FORÇA DE VENDAS
2026-08-01;132;8888;33367,67;FORÇA DE VENDAS
2026-08-01;1075;805;1768,45;TELEMARKETING
2026-08-01;2621;1884;8102,12;TELEMARKETING
2026-08-01;2566;8888;1803,54;FORÇA DE VENDAS
2026-08-01;2678;1312;2170,15;TELEMARKETING
2026-08-01;1642;1885;29,94;TELEMARKETING
2026-08-01;2652;8888;851,28;FORÇA DE VENDAS
2026-08-01;2431;738;4751,28;TELEMARKETING
2026-08-01;363;1312;414,15;TELEMARKETING
2026-08-01;363;546;410,07;TELEMARKETING
2026-08-01;945;8888;11157,44;PEDIDO ELETRÔNICO
2026-08-01;2660;423;1219,66;TELEMARKETING
2026-08-01;818;8888;1092,34;E-COMMERCE
2026-08-01;2577;8888;19309,11;FORÇA DE VENDAS
2026-08-01;2767;546;317,36;TELEMARKETING
2026-08-01;2178;738;3708,62;TELEMARKETING
2026-08-01;2362;3009;875,88;TELEMARKETING
2026-08-01;1384;8888;54592,87;FORÇA DE VENDAS
2026-08-01;2667;3449;1687,64;TELEMARKETING
2026-08-01;2492;8888;13,96;E-COMMERCE
2026-08-01;2359;874;6660,62;TELEMARKETING
2026-08-01;1983;841;55,42;TELEMARKETING
2026-08-01;535;8888;557,32;E-COMMERCE
2026-08-01;1063;8888;172,74;E-COMMERCE
2026-08-01;2325;1778;723,64;TELEMARKETING
2026-08-01;424;8888;335,09;FORÇA DE VENDAS
2026-08-01;1142;3442;133,95;TELEMARKETING
2026-08-01;325;1134;9,04;TELEMARKETING
2026-08-01;2753;1899;260,32;TELEMARKETING
2026-08-01;2606;8888;2489,24;FORÇA DE VENDAS
2026-08-01;2081;8888;7518,53;FORÇA DE VENDAS
2026-08-01;2507;8888;13879,68;FORÇA DE VENDAS
2026-08-01;2674;8888;29,9;E-COMMERCE
2026-08-01;2758;8888;450,0;FORÇA DE VENDAS
2026-08-01;353;3179;1983,64;TELEMARKETING
2026-08-01;353;8888;2240,92;E-COMMERCE
2026-08-01;353;8888;4702,38;FORÇA DE VENDAS
2026-08-01;2251;3403;2711,79;TELEMARKETING
2026-08-01;400;8888;31,45;E-COMMERCE
2026-08-01;2698;8888;11488,55;FORÇA DE VENDAS
2026-08-01;2767;8888;1058,77;E-COMMERCE
2026-08-01;2709;546;139,36;TELEMARKETING
2026-08-01;2709;8888;98,3;E-COMMERCE
2026-08-01;14;8888;49605,05;FORÇA DE VENDAS
2026-08-01;2276;2476;179,74;TELEMARKETING
2026-08-01;1392;8888;929,04;E-COMMERCE
2026-08-01;429;8888;9572,19;FORÇA DE VENDAS
2026-08-01;2687;1929;1727,53;TELEMARKETING
2026-08-01;2696;8888;47854,96;FORÇA DE VENDAS
2026-08-01;2431;8888;273,48;E-COMMERCE
2026-08-01;818;8888;81507,97;FORÇA DE VENDAS
2026-08-01;20;8888;16646,03;FORÇA DE VENDAS
2026-08-01;1317;8888;1653,45;FORÇA DE VENDAS
2026-08-01;1064;8888;5973,76;FORÇA DE VENDAS
2026-08-01;664;8888;18753,47;FORÇA DE VENDAS
2026-08-01;1304;213;9021,52;TELEMARKETING
2026-08-01;2045;2853;42418,06;TELEMARKETING
2026-08-01;2488;672;132,99;TELEMARKETING
2026-08-01;716;1883;414,3;TELEMARKETING
2026-08-01;2707;3449;25,98;TELEMARKETING
2026-08-01;2209;1533;329,4;TELEMARKETING
2026-08-01;2657;8888;804,72;E-COMMERCE
2026-08-01;415;738;214,88;TELEMARKETING
2026-08-01;2568;8888;12267,55;FORÇA DE VENDAS
2026-08-01;33;8888;44046,71;FORÇA DE VENDAS
2026-08-01;2655;1883;225,44;TELEMARKETING
2026-08-01;2728;977;17898,19;TELEMARKETING
2026-08-01;2375;8888;436,53;E-COMMERCE
2026-08-01;2375;1885;112,0;TELEMARKETING
2026-08-01;2745;8888;701,48;E-COMMERCE
2026-08-01;1381;8888;2490,52;E-COMMERCE
2026-08-01;1381;213;1859,98;TELEMARKETING
2026-08-01;40;58;2351,66;TELEMARKETING
2026-08-01;40;8888;319,2;E-COMMERCE
2026-08-01;2810;8888;1736,04;FORÇA DE VENDAS
2026-08-01;767;8888;9029,3;FORÇA DE VENDAS
2026-08-01;2698;8888;2182,35;E-COMMERCE
2026-08-01;2085;8888;1962,16;FORÇA DE VENDAS
2026-08-01;2085;1778;4746,79;TELEMARKETING
2026-08-01;2392;1778;4627,95;TELEMARKETING
2026-08-01;2392;1762;1430,29;TELEMARKETING
2026-08-01;2767;1898;345,85;TELEMARKETING
2026-08-01;1890;2853;36068,08;TELEMARKETING
2026-08-01;451;8888;112,88;E-COMMERCE
2026-08-01;2651;8888;1573,24;FORÇA DE VENDAS
2026-08-01;477;8888;7887,86;FORÇA DE VENDAS
2026-08-01;2363;805;214,84;TELEMARKETING
2026-08-01;1317;3449;265,52;TELEMARKETING
2026-08-01;2687;1087;265,52;TELEMARKETING
2026-08-01;131;8888;5771,07;FORÇA DE VENDAS
2026-08-01;1278;8888;1984,16;FORÇA DE VENDAS
2026-08-01;609;8888;11574,2;FORÇA DE VENDAS
2026-08-01;2109;8888;-268,07;FORÇA DE VENDAS
2026-08-01;451;8888;4429,29;FORÇA DE VENDAS
2026-08-01;2768;8888;51265,57;FORÇA DE VENDAS
2026-08-01;1993;8888;5459,01;E-COMMERCE
2026-08-01;1298;8888;22070,95;FORÇA DE VENDAS
2026-08-01;1690;691;1646,12;TELEMARKETING
2026-08-01;2722;2985;287,76;TELEMARKETING
2026-08-01;1301;805;441,63;TELEMARKETING
2026-08-01;1380;8888;2711,57;FORÇA DE VENDAS
2026-08-01;2566;1885;36,89;TELEMARKETING
2026-08-01;2671;8888;314,44;FORÇA DE VENDAS
2026-08-01;2472;2853;5027,15;TELEMARKETING
2026-08-01;951;8888;1121,01;E-COMMERCE
2026-08-01;463;468;29,9;TELEMARKETING
2026-08-01;2183;2476;125,88;TELEMARKETING
2026-08-01;2568;2727;1834,9;TELEMARKETING
2026-08-01;2190;691;2713,99;TELEMARKETING
2026-08-01;2124;8888;20508,49;FORÇA DE VENDAS
2026-08-01;610;8888;23569,64;E-COMMERCE
2026-08-01;610;8888;3392,34;FORÇA DE VENDAS
2026-08-01;2375;519;3101,09;TELEMARKETING
2026-08-01;2341;8888;30,44;E-COMMERCE
2026-08-01;2706;3449;155,88;TELEMARKETING
2026-08-01;2363;3009;984,78;TELEMARKETING
2026-08-01;1137;2220;188,12;TELEMARKETING
2026-08-01;1293;8888;11742,02;FORÇA DE VENDAS
2026-08-01;2745;8888;8650,13;FORÇA DE VENDAS
2026-08-01;2745;1883;299,2;TELEMARKETING
2026-08-01;2082;8888;5060,73;FORÇA DE VENDAS
2026-08-01;326;14;132,76;TELEMARKETING
2026-08-01;2580;8888;559,6;FORÇA DE VENDAS
2026-08-01;2580;3449;523,86;TELEMARKETING
2026-08-01;1756;8888;4039,02;E-COMMERCE
2026-08-01;703;3009;81,48;TELEMARKETING
2026-08-01;2567;1778;1774,92;TELEMARKETING
2026-08-01;452;8888;1132,45;E-COMMERCE
2026-08-01;2735;8888;1819,46;E-COMMERCE
2026-08-01;1642;2184;221,05;TELEMARKETING
2026-08-01;2394;2727;1606,1;TELEMARKETING
2026-08-01;1117;8888;6018,2;FORÇA DE VENDAS
2026-08-01;415;2845;738,82;TELEMARKETING
2026-08-01;2440;8888;7040,05;FORÇA DE VENDAS
2026-08-01;2686;8888;10040,58;FORÇA DE VENDAS
2026-08-01;2107;1954;2907,85;TELEMARKETING
2026-08-01;2655;8888;7020,78;FORÇA DE VENDAS
2026-08-01;2250;8888;8264,43;FORÇA DE VENDAS
2026-08-01;2728;8888;6679,96;E-COMMERCE
2026-08-01;2737;1899;373,85;TELEMARKETING
2026-08-01;1450;8888;4551,78;E-COMMERCE
2026-08-01;2341;8888;309,26;FORÇA DE VENDAS
2026-08-01;1116;8888;264,51;E-COMMERCE
2026-08-01;2635;8888;983,71;FORÇA DE VENDAS
2026-08-01;2463;8888;377,08;E-COMMERCE
2026-08-01;1340;8888;17628,47;FORÇA DE VENDAS
2026-08-01;1340;805;1208,61;TELEMARKETING
2026-08-01;2223;2494;77,94;TELEMARKETING
2026-08-01;2792;874;5203,7;TELEMARKETING
2026-08-01;89;13148;467,37;TELEMARKETING
2026-08-01;781;8888;5039,75;FORÇA DE VENDAS
2026-08-01;2727;3179;24,9;TELEMARKETING
2026-08-01;2822;1087;174,56;TELEMARKETING
2026-08-01;2823;8888;2273,65;FORÇA DE VENDAS
2026-08-01;2211;874;1049,0;TELEMARKETING
2026-08-01;1293;2220;28,21;TELEMARKETING
2026-08-01;2745;1884;7706,68;TELEMARKETING
2026-08-01;2730;672;1244,18;TELEMARKETING
2026-08-01;2082;1762;6141,4;TELEMARKETING
2026-08-01;1308;8888;18030,34;FORÇA DE VENDAS
2026-08-01;1834;3465;251,38;TELEMARKETING
2026-08-01;360;8888;5732,22;E-COMMERCE
2026-08-01;2491;1312;2544,52;TELEMARKETING
2026-08-01;2697;8888;27,6;E-COMMERCE
2026-08-01;2015;1312;3618,73;TELEMARKETING
2026-08-01;1539;1885;2168,84;TELEMARKETING
2026-08-01;619;8888;1106,82;E-COMMERCE
2026-08-01;525;1087;1263,66;TELEMARKETING
2026-08-01;2394;8888;1389,46;E-COMMERCE
2026-08-01;2394;8888;5015,36;FORÇA DE VENDAS
2026-08-01;1327;8888;8586,8;FORÇA DE VENDAS
2026-08-01;1117;8888;606,46;E-COMMERCE
2026-08-01;1499;8888;498,1;FORÇA DE VENDAS
2026-08-01;1499;8888;76,14;E-COMMERCE
2026-08-01;2552;8888;98,7;E-COMMERCE
2026-08-01;2431;2845;242,49;TELEMARKETING
2026-08-01;452;213;1044,26;TELEMARKETING
2026-08-01;1518;1533;1226,66;TELEMARKETING
2026-08-01;1632;8888;11865,46;FORÇA DE VENDAS
2026-08-01;2577;1087;654,24;TELEMARKETING
2026-08-01;535;8888;6109,02;FORÇA DE VENDAS
2026-08-01;2541;8888;592,8;FORÇA DE VENDAS
2026-08-01;1384;691;2666,92;TELEMARKETING
2026-08-01;2402;1778;554,76;TELEMARKETING
2026-08-01;2787;8888;11404,46;FORÇA DE VENDAS
2026-08-01;949;1258;23,46;TELEMARKETING
2026-08-01;675;8888;695,94;E-COMMERCE
2026-08-01;2258;8888;1830,8;FORÇA DE VENDAS
2026-08-01;351;8888;247,92;E-COMMERCE
2026-08-01;629;8888;11842,89;FORÇA DE VENDAS
2026-08-01;2510;1762;3790,39;TELEMARKETING
2026-08-01;2663;8888;17477,17;FORÇA DE VENDAS
2026-08-01;2742;8888;101,7;E-COMMERCE
2026-08-01;2081;738;70,76;TELEMARKETING
2026-08-01;1289;2853;403,15;TELEMARKETING
2026-08-01;2757;8888;328,52;E-COMMERCE
2026-08-01;2118;1954;847,09;TELEMARKETING
2026-08-01;2015;2571;10809,86;TELEMARKETING
2026-08-01;326;213;2965,49;TELEMARKETING
2026-08-01;768;8888;811,61;E-COMMERCE
2026-08-01;1142;1778;2885,21;TELEMARKETING
2026-08-01;2697;1312;13680,77;TELEMARKETING
2026-08-01;2697;8888;10040,2;FORÇA DE VENDAS
2026-08-01;1756;27;1087,55;TELEMARKETING
2026-08-01;2567;1762;4134,08;TELEMARKETING
2026-08-01;2647;8888;138,57;FORÇA DE VENDAS
2026-08-01;2383;8888;29706,26;FORÇA DE VENDAS
2026-08-01;619;1139;952,63;TELEMARKETING
2026-08-01;1890;8888;265,52;E-COMMERCE
2026-08-01;2491;8888;8461,08;FORÇA DE VENDAS
2026-08-01;1324;8888;3254,81;FORÇA DE VENDAS
2026-08-01;1259;8888;393,96;E-COMMERCE
2026-08-01;2711;3449;87,24;TELEMARKETING
2026-08-01;663;8888;15721,33;FORÇA DE VENDAS
2026-08-01;2821;874;895,94;TELEMARKETING
2026-08-01;2821;8888;6470,85;FORÇA DE VENDAS
2026-08-01;2574;8888;1051,2;FORÇA DE VENDAS
2026-08-01;2249;8888;52679,62;FORÇA DE VENDAS
2026-08-01;947;8888;3948,63;PEDIDO ELETRÔNICO
2026-08-01;636;2571;6450,6;TELEMARKETING
2026-08-01;636;2220;1640,98;TELEMARKETING
2026-08-01;2197;423;2078,42;TELEMARKETING
2026-08-01;2365;3467;121,89;TELEMARKETING
2026-08-01;571;8888;25646,31;FORÇA DE VENDAS
2026-08-01;571;8888;9018,48;E-COMMERCE
2026-08-01;571;213;2982,86;TELEMARKETING
2026-08-01;2786;8888;4657,55;E-COMMERCE
2026-08-01;2786;1884;2973,68;TELEMARKETING
2026-08-01;2684;8888;538,68;E-COMMERCE
2026-08-01;2674;8888;1916,05;FORÇA DE VENDAS
2026-08-01;2492;8888;5365,61;FORÇA DE VENDAS
2026-08-01;535;422;817,51;TELEMARKETING
2026-08-01;325;14;259,15;TELEMARKETING
2026-08-01;675;1898;127,73;TELEMARKETING
2026-08-01;854;8888;5882,06;FORÇA DE VENDAS
2026-08-01;1539;8888;33,9;E-COMMERCE
2026-08-01;358;546;4430,94;TELEMARKETING
2026-08-01;569;8888;29,9;E-COMMERCE
2026-08-01;40;8888;3560,73;FORÇA DE VENDAS
2026-08-01;2817;1884;1795,44;TELEMARKETING
2026-08-01;767;8888;2183,27;E-COMMERCE
2026-08-01;767;1087;1062,08;TELEMARKETING
2026-08-01;2601;8888;31963,03;FORÇA DE VENDAS
2026-08-01;2245;8888;5348,16;FORÇA DE VENDAS
2026-08-01;2641;8888;398,28;E-COMMERCE
2026-08-01;2413;8888;3324,72;E-COMMERCE
2026-08-01;2798;2185;21,9;TELEMARKETING
2026-08-01;2651;58;1369,35;TELEMARKETING
2026-08-01;2651;8888;117,61;E-COMMERCE
2026-08-01;2613;8888;19814,46;FORÇA DE VENDAS
2026-08-01;2089;213;1025,82;TELEMARKETING
2026-08-01;703;8888;33487,52;FORÇA DE VENDAS
2026-08-01;1142;1762;612,88;TELEMARKETING
2026-08-01;2714;519;9669,46;TELEMARKETING
2026-08-01;2463;1139;21721,63;TELEMARKETING
2026-08-01;2697;874;557,31;TELEMARKETING
2026-08-01;2810;672;6190,52;TELEMARKETING
2026-08-01;6;738;7379,24;TELEMARKETING
2026-08-01;6;691;4507,08;TELEMARKETING
2026-08-01;2661;2845;1886,86;TELEMARKETING
2026-08-01;2599;8888;14199,55;FORÇA DE VENDAS
2026-08-01;2345;1929;6,9;TELEMARKETING
2026-08-01;2810;8888;205,96;E-COMMERCE
2026-08-01;2698;874;4479,3;TELEMARKETING
2026-08-01;2709;8888;1404,68;FORÇA DE VENDAS
2026-08-01;2163;8888;6310,83;FORÇA DE VENDAS
2026-08-01;2163;519;34,95;TELEMARKETING
2026-08-01;610;805;135,09;TELEMARKETING
2026-08-01;14;805;3673,56;TELEMARKETING
2026-08-01;2803;1899;2624,26;TELEMARKETING
2026-08-01;2804;519;2212,24;TELEMARKETING
2026-08-01;42;8888;1831,43;FORÇA DE VENDAS
2026-08-01;2245;8888;5051,73;E-COMMERCE
2026-08-01;451;3403;183,42;TELEMARKETING
2026-08-01;2413;8888;12088,73;FORÇA DE VENDAS
2026-08-01;2798;8888;39,8;FORÇA DE VENDAS
2026-08-01;2798;8888;91,95;E-COMMERCE
2026-08-01;2799;8888;4526,67;FORÇA DE VENDAS
2026-08-01;2799;1312;696,49;TELEMARKETING
2026-08-01;1278;8888;46,47;E-COMMERCE
2026-08-01;285;8888;15632,93;FORÇA DE VENDAS
2026-08-01;1501;8888;7623,78;FORÇA DE VENDAS
2026-08-01;2671;8888;412,64;E-COMMERCE
2026-08-01;2687;8888;4814,52;FORÇA DE VENDAS
2026-08-01;1075;8888;16025,32;FORÇA DE VENDAS
2026-08-01;2442;8888;2960,03;FORÇA DE VENDAS
2026-08-01;2392;8888;18919,7;FORÇA DE VENDAS
2026-08-01;2674;1883;6779,36;TELEMARKETING
2026-08-01;1344;8888;11773,4;FORÇA DE VENDAS
2026-08-01;1298;8888;40241,6;E-COMMERCE
2026-08-01;1890;3449;11211,63;TELEMARKETING
2026-08-01;1450;8888;37677,26;FORÇA DE VENDAS
2026-08-01;104;8888;29304,21;FORÇA DE VENDAS
2026-08-01;2258;3389;-15,9;TELEMARKETING
2026-08-01;1380;213;95,94;TELEMARKETING
2026-08-01;6;1533;2851,08;TELEMARKETING
2026-08-01;1466;1884;1949,34;TELEMARKETING
2026-08-01;1364;3403;47,87;TELEMARKETING
2026-08-01;580;8888;2264,4;E-COMMERCE
2026-08-01;2089;738;19161,04;TELEMARKETING
2026-08-01;951;8888;9915,65;FORÇA DE VENDAS
2026-08-01;2209;738;4510,26;TELEMARKETING
2026-08-01;2686;1929;460,08;TELEMARKETING
2026-08-01;1064;27;2442,3;TELEMARKETING
2026-08-01;400;8888;15248,7;FORÇA DE VENDAS
2026-08-01;2308;8888;681,89;E-COMMERCE
2026-08-01;2657;2853;103,96;TELEMARKETING
2026-08-01;2109;2571;913,11;TELEMARKETING
2026-08-01;351;738;663,48;TELEMARKETING
2026-08-01;2655;1885;1340,6;TELEMARKETING
2026-08-01;2765;8888;194,81;FORÇA DE VENDAS
2026-08-01;1116;8888;8878,23;FORÇA DE VENDAS
2026-08-01;2635;519;194,31;TELEMARKETING
2026-08-01;325;8888;1634,23;E-COMMERCE
2026-08-01;1384;8888;211,7;E-COMMERCE
2026-08-01;131;27;127,98;TELEMARKETING
2026-08-01;2705;0;401,86;TELEMARKETING
2026-08-01;2727;8888;371,88;E-COMMERCE
2026-08-01;1108;8888;427,28;E-COMMERCE
2026-08-01;1020;8888;5656,98;FORÇA DE VENDAS
2026-08-01;1585;8888;2906,07;FORÇA DE VENDAS
2026-08-01;1465;8888;16871,42;FORÇA DE VENDAS
2026-08-01;2069;8888;263,2;E-COMMERCE
2026-08-01;1465;3403;1532,7;TELEMARKETING
2026-08-01;1465;8888;209,38;E-COMMERCE
2026-08-01;2621;8888;2095,52;FORÇA DE VENDAS
2026-08-01;2330;1954;1377,47;TELEMARKETING
2026-08-01;1956;2853;946,68;TELEMARKETING
2026-08-01;400;213;306,8;TELEMARKETING
2026-08-01;2308;2220;1625,55;TELEMARKETING
2026-08-01;438;8888;7869,79;FORÇA DE VENDAS
2026-08-01;1317;8888;87,6;E-COMMERCE
2026-08-01;2250;27;3674,58;TELEMARKETING
2026-08-01;2250;8888;6326,39;E-COMMERCE
2026-08-01;2737;8888;382,8;E-COMMERCE
2026-08-01;2741;1929;25,71;TELEMARKETING
2026-08-01;2375;23;29,9;TELEMARKETING
2026-08-01;1450;3442;1225,99;TELEMARKETING
2026-08-01;325;213;99,75;TELEMARKETING
2026-08-01;2790;8888;1344,54;FORÇA DE VENDAS
2026-08-01;2792;8888;285,62;FORÇA DE VENDAS
2026-08-01;2705;8888;223,21;E-COMMERCE
2026-08-01;326;8888;6777,33;E-COMMERCE
2026-08-01;522;8888;9821,61;FORÇA DE VENDAS
2026-08-01;2726;977;4894,94;TELEMARKETING
2026-08-01;1108;1312;1372,84;TELEMARKETING
2026-08-01;2773;3449;291,34;TELEMARKETING
2026-08-01;1137;8888;14061,55;FORÇA DE VENDAS
2026-08-01;1585;1762;4477,49;TELEMARKETING
2026-08-01;2015;8888;1517,02;E-COMMERCE
2026-08-01;634;8888;7033,54;FORÇA DE VENDAS
2026-08-01;2133;691;2664,64;TELEMARKETING
2026-08-01;2452;8888;119,89;E-COMMERCE
2026-08-01;1756;8888;11474,35;FORÇA DE VENDAS
2026-08-01;2567;8888;161,74;E-COMMERCE
2026-08-01;1642;1884;141,92;TELEMARKETING
2026-08-01;619;8888;9342,48;FORÇA DE VENDAS
2026-08-01;525;8888;13734,38;FORÇA DE VENDAS
2026-08-01;363;8888;4944,09;FORÇA DE VENDAS
2026-08-01;363;1898;1446,49;TELEMARKETING
2026-08-01;1907;3442;3235,97;TELEMARKETING
2026-08-01;1907;2727;413,73;TELEMARKETING
2026-08-01;2768;874;3736,0;TELEMARKETING
2026-08-01;1906;8888;11808,44;FORÇA DE VENDAS
2026-08-01;2648;1087;9,9;TELEMARKETING
2026-08-01;2711;8888;127,98;E-COMMERCE
2026-08-01;2822;8888;955,24;FORÇA DE VENDAS
2026-08-01;2797;8888;17,24;E-COMMERCE
2026-08-01;952;8888;2299,89;FORÇA DE VENDAS
2026-08-01;609;8888;1409,59;E-COMMERCE
2026-08-01;1518;738;788,78;TELEMARKETING
2026-08-01;1869;8888;183,6;E-COMMERCE
2026-08-01;664;8888;1983,13;E-COMMERCE
2026-08-01;818;519;3431,03;TELEMARKETING
2026-08-01;772;8888;32717,38;FORÇA DE VENDAS
2026-08-01;772;2845;216,12;TELEMARKETING
2026-08-01;2684;8888;13496,12;FORÇA DE VENDAS
2026-08-01;42;8888;160,77;E-COMMERCE
2026-08-01;1983;8888;31,4;E-COMMERCE
2026-08-01;1063;3403;2034,37;TELEMARKETING
2026-08-01;2325;8888;5685,65;FORÇA DE VENDAS
2026-08-01;2735;8888;372,95;FORÇA DE VENDAS
2026-08-01;2607;8888;6603,06;FORÇA DE VENDAS
2026-08-01;629;675;419,15;TELEMARKETING
2026-08-01;2279;8888;77,85;E-COMMERCE
2026-08-01;1289;8888;320,71;E-COMMERCE
2026-08-01;2758;2185;101,4;TELEMARKETING
2026-08-01;2718;8888;268,72;E-COMMERCE
2026-08-01;358;8888;10523,18;FORÇA DE VENDAS
2026-08-01;2133;8888;4757,87;FORÇA DE VENDAS
2026-08-01;1539;8888;12942,74;FORÇA DE VENDAS
2026-08-01;2131;8888;3902,9;FORÇA DE VENDAS
2026-08-01;1642;8888;3697,2;FORÇA DE VENDAS
2026-08-01;1937;8888;664,05;E-COMMERCE
2026-08-01;2659;8888;87,48;E-COMMERCE
2026-08-01;525;8888;4685,08;E-COMMERCE
2026-08-01;1277;8888;68,92;E-COMMERCE
2026-08-01;1906;1954;417,75;TELEMARKETING
2026-08-01;1324;3009;1316,16;TELEMARKETING
2026-08-01;2803;8888;49,9;E-COMMERCE
2026-08-01;2820;8888;980,24;FORÇA DE VENDAS
2026-08-01;2794;1883;526,28;TELEMARKETING
2026-08-01;1102;8888;3870,64;FORÇA DE VENDAS
2026-08-01;2660;8888;13585,99;FORÇA DE VENDAS
2026-08-01;2249;8888;314,77;E-COMMERCE
2026-08-01;1518;8888;17282,42;FORÇA DE VENDAS
2026-08-01;1632;8888;45,16;E-COMMERCE
2026-08-01;1632;423;764,29;TELEMARKETING
2026-08-01;2449;3009;4261,03;TELEMARKETING
2026-08-01;2767;8888;3894,45;FORÇA DE VENDAS
2026-08-01;802;738;775,21;TELEMARKETING
2026-08-01;2571;8888;278,84;E-COMMERCE
2026-08-01;2359;8888;9447,93;FORÇA DE VENDAS
2026-08-01;2146;1133;47,91;TELEMARKETING
2026-08-01;2786;8888;2665,57;FORÇA DE VENDAS
2026-08-01;2786;1883;243,48;TELEMARKETING
2026-08-01;953;58;40,22;TELEMARKETING
2026-08-01;1299;27;7680,11;TELEMARKETING
2026-08-01;1466;519;537,44;TELEMARKETING
2026-08-01;559;8888;2189,38;E-COMMERCE
2026-08-01;2510;8888;110112,77;FORÇA DE VENDAS
2026-08-01;2663;8888;52,43;E-COMMERCE
2026-08-01;2279;8888;3054,37;FORÇA DE VENDAS
2026-08-01;2279;805;34,14;TELEMARKETING
2026-08-01;2742;2185;19,9;TELEMARKETING
2026-08-01;1289;1929;1831,16;TELEMARKETING
2026-08-01;2118;8888;404,89;E-COMMERCE
2026-08-01;1374;8888;20018,01;FORÇA DE VENDAS
2026-08-01;415;8888;245,16;E-COMMERCE
2026-08-01;2251;8888;10922,23;FORÇA DE VENDAS
2026-08-01;816;3009;2662,16;TELEMARKETING
2026-08-01;1466;8888;268,72;E-COMMERCE
2026-08-01;2815;8888;259,6;E-COMMERCE
2026-08-01;2015;1281;278,59;TELEMARKETING
2026-08-01;2601;1883;2048,06;TELEMARKETING
2026-08-01;2026;1929;6,9;TELEMARKETING
2026-08-01;2641;1087;6782,9;TELEMARKETING
2026-08-01;2641;1929;345,0;TELEMARKETING
2026-08-01;2798;3389;271,2;TELEMARKETING
2026-08-01;2799;874;1223,35;TELEMARKETING
2026-08-01;2651;13148;1041,88;TELEMARKETING
2026-08-01;477;805;23,94;TELEMARKETING
2026-08-01;285;805;1561,07;TELEMARKETING
2026-08-01;2496;8888;273,57;FORÇA DE VENDAS
2026-08-01;1518;2845;457,66;TELEMARKETING
2026-08-01;2375;8888;26909,45;FORÇA DE VENDAS
2026-08-01;2402;8888;12387,74;FORÇA DE VENDAS
2026-08-01;675;8888;9024,65;FORÇA DE VENDAS
2026-08-01;1956;8888;296,06;E-COMMERCE
2026-08-01;1466;8888;40656,7;FORÇA DE VENDAS
2026-08-01;2657;8888;7917,1;FORÇA DE VENDAS
2026-08-01;1063;8888;9363,28;FORÇA DE VENDAS
2026-08-01;2753;8888;25,78;E-COMMERCE
2026-08-01;952;1899;259,6;TELEMARKETING
2026-08-01;452;8888;11612,38;FORÇA DE VENDAS
2026-08-01;1340;8888;1545,28;E-COMMERCE
2026-08-01;2452;8888;7001,55;FORÇA DE VENDAS
2026-08-01;1518;8888;3901,48;E-COMMERCE
2026-08-01;636;8888;3943,18;FORÇA DE VENDAS
2026-08-01;2728;2853;1498,0;TELEMARKETING
2026-08-01;2402;8888;5555,45;E-COMMERCE
2026-08-01;2261;8888;892,1;FORÇA DE VENDAS
2026-08-01;2571;8888;922,68;FORÇA DE VENDAS
2026-08-01;2492;2661;79,8;TELEMARKETING
2026-08-01;2359;8888;852,83;E-COMMERCE
2026-08-01;2146;8888;15,98;FORÇA DE VENDAS
2026-08-01;2145;8888;1663,54;FORÇA DE VENDAS
2026-08-01;953;805;140,23;TELEMARKETING
2026-08-01;559;8888;9336,16;FORÇA DE VENDAS
2026-08-01;1007;8888;14315,88;FORÇA DE VENDAS
2026-08-01;2333;8888;1093,4;FORÇA DE VENDAS
2026-08-01;2333;2494;99,9;TELEMARKETING
2026-08-01;2750;2985;339,0;TELEMARKETING
2026-08-01;2606;2727;4107,14;TELEMARKETING
2026-08-01;1289;8888;14846,41;FORÇA DE VENDAS
2026-08-01;1871;8888;267,2;FORÇA DE VENDAS
2026-08-01;2773;8888;8437,59;FORÇA DE VENDAS
2026-08-01;58;8888;2682,0;FORÇA DE VENDAS
2026-08-01;58;8888;91,37;E-COMMERCE
2026-08-01;2026;3449;884,64;TELEMARKETING
2026-08-01;2413;3442;1937,41;TELEMARKETING
2026-08-01;2114;8888;139,34;E-COMMERCE
2026-08-01;1937;8888;13330,03;FORÇA DE VENDAS
2026-08-01;2448;8888;-2001,12;FORÇA DE VENDAS
2026-08-01;2249;2727;919,3;TELEMARKETING
2026-08-01;2786;2184;572,0;TELEMARKETING
2026-08-01;415;8888;47290,71;FORÇA DE VENDAS
2026-08-01;2711;8888;11942,04;FORÇA DE VENDAS
2026-08-01;890;8888;48739,74;FORÇA DE VENDAS
2026-08-01;1996;213;3043,84;TELEMARKETING
2026-08-01;1539;2184;1169,26;TELEMARKETING
2026-08-01;1996;8888;11416,57;FORÇA DE VENDAS
2026-08-01;2197;8888;5246,28;FORÇA DE VENDAS
2026-08-01;2678;874;141,01;TELEMARKETING
2026-08-01;2673;8888;74,74;E-COMMERCE
2026-08-01;783;8888;4514,11;FORÇA DE VENDAS
2026-08-01;1254;8888;32193,94;FORÇA DE VENDAS
2026-08-01;949;1134;67,96;TELEMARKETING
2026-08-01;2183;8888;9547,14;FORÇA DE VENDAS
2026-08-01;2421;3009;1199,58;TELEMARKETING
2026-08-01;2421;8888;2067,65;FORÇA DE VENDAS
2026-08-01;2765;1883;483,45;TELEMARKETING
2026-08-01;768;8888;22325,62;FORÇA DE VENDAS
2026-08-01;325;2549;175,6;TELEMARKETING
2026-08-01;325;1214;107,29;TELEMARKETING
2026-08-01;2223;2476;1315,78;TELEMARKETING
2026-08-01;949;3465;105,95;TELEMARKETING
2026-08-01;631;546;3959,38;TELEMARKETING
2026-08-01;631;1898;475,44;TELEMARKETING
2026-08-01;781;805;3387,32;TELEMARKETING
2026-08-01;1108;874;3449,83;TELEMARKETING
2026-08-01;941;3449;1152,44;TELEMARKETING
2026-08-01;941;1087;9,9;TELEMARKETING
2026-08-01;2363;8888;1623,3;E-COMMERCE
2026-08-01;1137;422;19191,1;TELEMARKETING
2026-08-01;2820;977;13860,94;TELEMARKETING
2026-08-01;2716;977;17,5;TELEMARKETING
2026-08-01;1658;8888;23248,33;FORÇA DE VENDAS
2026-08-01;2107;8888;53241,76;FORÇA DE VENDAS
2026-08-01;953;8888;13596,98;FORÇA DE VENDAS
2026-08-01;1873;8888;16296,18;FORÇA DE VENDAS
2026-08-01;2796;3389;0,0;TELEMARKETING
2026-08-01;2045;3449;53549,14;TELEMARKETING
2026-08-01;2714;8888;203,96;FORÇA DE VENDAS
2026-08-01;1993;8888;5378,05;FORÇA DE VENDAS
2026-08-01;1642;3412;-5760,0;TELEMARKETING
2026-08-01;1137;8888;5128,68;E-COMMERCE
2026-08-01;1427;3009;1166,22;TELEMARKETING
2026-08-01;1427;841;54,43;TELEMARKETING
2026-08-01;1840;3179;263,92;TELEMARKETING
2026-08-01;2375;1884;2847,66;TELEMARKETING
2026-08-01;2639;2853;2373,67;TELEMARKETING
2026-08-01;580;8888;12883,0;FORÇA DE VENDAS
2026-08-01;2448;3009;1593,8;TELEMARKETING
2026-08-01;2089;1533;1169,68;TELEMARKETING
2026-08-01;951;738;538,67;TELEMARKETING
2026-08-01;2308;8888;9739,1;FORÇA DE VENDAS
2026-08-01;1254;3449;21076,25;TELEMARKETING
2026-08-01;351;8888;20635,96;FORÇA DE VENDAS
2026-08-01;351;3009;593,37;TELEMARKETING
2026-08-01;2411;8888;47,76;E-COMMERCE
2026-08-01;2183;8888;150,45;E-COMMERCE
2026-08-01;1317;3179;1200,49;TELEMARKETING
2026-08-01;2655;519;4452,66;TELEMARKETING
2026-08-01;2655;2184;669,26;TELEMARKETING
2026-08-01;2190;8888;9448,08;FORÇA DE VENDAS
2026-08-01;2738;1929;12,99;TELEMARKETING
2026-08-01;2341;3465;335,74;TELEMARKETING
2026-08-01;1372;8888;13917,62;FORÇA DE VENDAS
2026-08-01;1116;13148;440,77;TELEMARKETING
2026-08-01;1853;8888;7572,64;FORÇA DE VENDAS
2026-08-01;483;8888;1834,07;E-COMMERCE
2026-08-01;2789;8888;4222,4;FORÇA DE VENDAS
2026-08-01;2789;1929;1450,59;TELEMARKETING
2026-08-01;2660;8888;1269,74;E-COMMERCE
2026-08-01;131;8888;17872,94;E-COMMERCE
2026-08-01;890;1533;1216,52;TELEMARKETING
2026-08-01;890;691;3122,55;TELEMARKETING
2026-08-01;890;8888;10027,48;E-COMMERCE
2026-08-01;522;213;164,7;TELEMARKETING
2026-08-01;1277;8888;18151,94;FORÇA DE VENDAS
2026-08-01;1108;1954;1243,17;TELEMARKETING
2026-08-01;2824;1087;7349,82;TELEMARKETING
2026-08-01;2211;8888;28596,23;FORÇA DE VENDAS
2026-08-01;2730;8888;296,78;FORÇA DE VENDAS
2026-08-01;2015;8888;7589,19;FORÇA DE VENDAS
2026-08-01;1308;1312;3421,0;TELEMARKETING
2026-08-01;634;691;844,38;TELEMARKETING
2026-08-01;2133;2845;15,8;TELEMARKETING
2026-08-01;326;1098;105,69;TELEMARKETING
2026-08-01;1142;8888;59988,56;FORÇA DE VENDAS
2026-08-01;1478;675;47,87;TELEMARKETING
2026-08-01;1956;672;6397,01;TELEMARKETING
2026-08-01;1653;1281;13305,58;TELEMARKETING
2026-08-01;1653;8888;4585,08;FORÇA DE VENDAS
2026-08-01;1993;841;26,01;TELEMARKETING
2026-08-01;2711;2853;273,4;TELEMARKETING
2026-08-01;2613;3442;133,95;TELEMARKETING
2026-08-01;27;8888;3082,02;FORÇA DE VENDAS
2026-08-01;2804;8888;255,2;E-COMMERCE
2026-08-01;2472;672;799,12;TELEMARKETING
